.,.,"Little me, BIG DREAMS",41,Exemplaires,Langue ,,,
NEGRIN,Su,Begin at start - Some thoughts on personal liberation and world change,1,1,EN,?,,
GYASI,Yaa,No home,24/16,2 (grand et petit format),FR ,1 manquant,,
Collectif,,Plantes et ovaires,1,1,FR,CLASSE,,
DE GASQUET,Dr Bernadette,Périnée : Arrêtez le massacre ! - Comment prévenir et réparer les erreurs,1,1,FR,CLASSE,,
DUCREST,Danièla,Plantes tinctoriales 2 - Du jardin à la cuve ,1,1,FR,CLASSE,ZINE,
"DUCREST,ROBERT,MÜLLER","Danièla, Mary-Claude, Gino","Ail et oignons, du mythe à la gastronomie",1,1,FR,CLASSE,ZINE,
"LOUZÉ, MILLON, LOUZÉ","Aude, Xavier, Anne-Florence",Périnée : What the fuck ?!,1,1,FR,CLASSE,,
MAGNIN-GONZE,Joëlle,Les plantes de la Grèce antique,1,1,FR,CLASSE,ZINE,
MAGNIN-GONZE,Joëlle,Plantes tinctoriales 1 - Chimie des couleurs,1,1,FR,CLASSE,ZINE,
NISSIM,Rina,Une sorcière des temps modernes – Le self-help et le mouvement femmes et santé,1,1,FR,CLASSE,,
NISSIM,Rina,Mamamélis - Manuel de gynécologie naturopathique à l’usage des femmes,1,1,FR,CLASSE,,
WEED,Susun S.,Le trèfle de vie – Recueil de plantes médicinales au fil de la grossesse,1,1,FR,CLASSE,,
ALI,Zahra,Féminismes islamiques,20,2,FR ,CLASSE,,
"BEAUSSON-DIAGNE, GABIN, GUEYE, HAÏDARA, KHAN, MAÏGA, MARTINS, NGA, POKORA, RICHARD, ROLLAND, SILBERFELD, SOUAGNON, SYLLA, TOURÉ, ZOBDA
","Nadège, Mata, Maïmouna, Eye, Rachel, Aïssa, Sara, Marie-Philomène, Sabine, Firmine, Sonia, Magaajyia, Shirley, Assa, Karidja, France",Noire n’est pas mon métier,20,1,FR,CLASSE,,
BLACKWELl,Maylei,¡Chicana Power! – Contested histories of feminism in the  Chicana movement,20,1,EN,CLASSE,,
"CHOUDER, LATRÈCHE, TEVANIAN","Ismahane, Malika, Pierre",Les filles voilées parlent,20,1,FR,CLASSE,,
COLLECTIF,"NAQD Revue d’Études et
de critique sociale",Femmes et Citoyenneté*,20,1,"FR, AR",CLASSE,,
COLLINS,Kathleen,Journal d’une femme noire,20,1,FR ,CLASSE,,
DABIRI,Emma,Don’t touch my hair,20,1,EN,CLASSE,,
DAVIS,Angela,"Femmes, race et classe",20,1,FR,CLASSE,,
DAVIS,Angela,Sur la liberté – Petite anthologie de l’émancipation,20,1,FR,CLASSE,,
EVARISTO,Bernardine,"Girl, woman, other",20,1,EN,CLASSE,,
EVARISTO,Conceiçâo,Insoumises,20,1,FR,CLASSE,,
GAMBLIN,Guillaume,L’insolente – Dialogues avec Pinar Selek,20,1,FR,CLASSE,,
GAY,Roxane,Bad feminist,20,2,FR,CLASSE,,
"HAMROUNI, MAILLÉ","Naïma, Chantal",Le sujet du féminisme est-il blanc ? - Femmes racisées et recherche féministe,20,1,FR,CLASSE,,
HILL COLLINS,Patricia,"Black feminist thought – Knowledge, consciousness and the politics of empowerment",20,1,EN,CLASSE,,
HOOKS,bell,De la marge au centre - Théorie féministe,20,1,FR,CLASSE,,
HOOKS,bell,Ne suis-je pas une femme ? - Femmes noires et féminisme,20,2,FR,CLASSE,,
hooks,bell,All about love - New visions,20,1,EN,CLASSE,,
KENDALL,Mikki,Hood feminism – Notes from the women white feminists forgot.,20,1,EN,CLASSE,,
"KRÉFA, LE RENARD","Abir, Amélie",Genre et féminismes au Moyen-Orient et au Maghreb,20,1,FR,CLASSE,,
LAMRABET,Asma,Islam et femmes – Les questions qui fâchent,20,1,FR,CLASSE,,
LE GUIN,Ursula K.,"Danser au bord du monde – Mots, femmes, territoires",20,1,FR,CLASSE,,
LEILANI,Raven,Affamée,20,1,FR,CLASSE,,
LOUCHART,Aurélie,Trop crépues ?,20,1,FR,CLASSE,,
MÉFIEUH MEIDO,Hermine,Un père comme tant d’autres,20,1,FR,CLASSE,,
"TALAHITE, ENNAIFER (co.)","Fatiha, Rachida",Fatema Mernissi et la pensée féministe au Maghreb ,20,1,"FR, AR",CLASSE,,
COLLECTIF AFROFEMINISTE,Mwasi,Afrofem,20,1,FR,CLASSE,,
PADJEMI,Jennifer,Féminismes & pop culture,20,1,FR,CLASSE,,
RIBEIRO,Djamila,Chroniques sur le féminisme noir,20,1,FR,CLASSE,,
RIBEIRO,Djamila,La place de la parole noire,20,1,FR,CLASSE,,
SMÉRALDA,Juliette,"Peau noire, cheveu crépu - L’histoire d’une aliénation",20,1,FR,CLASSE,,
WING (ed.),Adrien Katherine,Global critical race feminism - An international reader,20,1,EN,CLASSE,,
LY-TALL,Aoua Bocar,"De la reine de Saba à Michelle Obama - Africaines, héroïnes d’hier et d’aujourd’hui",20,1,FR,CLASSE,,
ADAMS,Carol J.,La politique sexuelle de la viande – une théorie critique féministe végétarienne,26,3,FR,CLASSE,,
B.,Alex,La società de/generata – teoria e pratica anarcoqueer,26,1,IT,CLASSE,,
B.,Rosa,Insolente veggie – une végétalienne très très méchante,26,1,FR,CLASSE,,
BOUAZZOUNI,Nora,Faiminisme – quand le sexisme passe à table,26,1,FR,CLASSE,,
BOUAZZOUNI,Nora,Steaksisme – En finir avec le mythe de la végé et du viandard,26,1,FR,CLASSE,,
CHAUVET,David,La mentaphobie (ou comment le cri de la carotte)  tue les animaux,26,1,FR,CLASSE,,
KEMMERER (ed.),Lisa,"Sister species – women, animals, and social justice",26,1,EN,CLASSE,,
MARKUS,Virginia,Industrie Laitière – une plaie ouverte à suturer ? Regard éthique sur la filière suisse du lait,26,1,FR,CLASSE,,
"TORRES, TORRES","Jenna, Bob","Vegan Freak – being vegan in a non-vegan world (version 2.0 : revised, expanded & updated)",26,1,EN,CLASSE,,
EDGARD-ROSA,Clarence,Les gros mots – abédécaire joyeusement moderne du féminisme,31,1,FR,CLASSE,ABÉCÉDAIRE,
COLLECTIF,,Droits humains pour tou.te.s,31,1,FR,CLASSE,MANIFESTE,
"LARTET-GEFFARD (réc.), Groult (pre.)","Josée, Benoîte",Paroles de femmes,31,1,FR,CLASSE,,
PUSCH,Luise F.,Alle Menschen werden Schwestern,31,1,DE,CLASSE,,
PUSCH,Luise F.,Das Deustsche als Männersprache,31,1,DE,CLASSE,,
ROSIER,Laurence,De l’insulte… aux femmes,31,1,FR,CLASSE,ESSAI,
"VIENNOT, HADDAD, SEBAGH","Éliane, Raphaël, Chloé","Le langage inclusif : pourquoi, comment – Petit précis historique et pratique",31,1,FR,CLASSE,PRÉCIS HISTORIQUE ET PRATIQUE,
YAGUELLO,Marina,Les mots et les femmes - Essai d’approche socio-linguistique de la condition féminine,31,1,FR,CLASSE,ESSAI,
COLLECTIF,GENDERING,Petit imagier de vocabulaire sexiste et homophobe,31,1,FR,CLASSE,IMAGIER,
COLLECTIF,,Dictionnaire critique du sexisme linguistique,31,1,FR,CLASSE,DICTIONNAIRE,
CARTER,Angela,Angela Carter’s book of fairy tales,39,1,EN,CLASSE,,
"DUCRÉTOT, JEHAN","Solène, Alice",Après la pluie – Horizons économistes,39,1,FR,CLASSE,,
D’EAUBONNE,Françoise,Le féminisme ou la mort,39,1,FR,CLASSE,,
FEDERICI,Silvia,Une guerre mondiale contre les femmes – Des chasses aux sorcières au féminicide,39,1,FR,CLASSE,,
GILL,Nikita,Fierce fairytales & other stories to stir your soul,39,1,FR,CLASSE,,
PINKOLA ESTÉS,Clarissa,Femmes qui courent avec les loups - Histoire et mythes de l’archétype de la femme sauvage,39,1,FR,CLASSE,,
SOLLÉE,Kristen J.,"Sorcières, salopes, féministes – Une histoire de la femme libérée",39,1,FR,CLASSE,,
STARHAWK,,Chroniques altermondialistes - Tisser la toile du soulèvement global,39,1,FR ,CLASSE,,
TEIXIDO,Sandrine,Hellsegga -  Une descente écoféministe dans le maelström,39,1,FR,CLASSE,,
Collectif,Organização de Fernanda Felisberto,Terras de Palavras - Contos ,20,1,PO,CLASSE,,
CÉSAIRE,Aimé,"Discours sur le colonialisme, Discours sur la Négritude",16,1,FR,CLASSE,DISCOURS,
"CESAIRE. DAMAS, DIOP, DIOP, RABEARIVELO, SENGHOR","A., L.-G., B., D., L. S.",Poemi dalla Negritudine,16,1,IT,CLASSE,POÉSIE,
CHARIANDY,David,Il est temps que je te dise - Lettre à ma fille sur le racisme,16,1,FR,CLASSE,,
DUFOIX,Stephane,La dispersion - Une histoire des usages du mot diaspora,16,1,FR,CLASSE,,
CHATTERJEE,Partha,Politique des gouvernés – Réflexions sur la politique populaire dans la majeure partie du monde,16,1,FR,CLASSE,,
COATES,Ta-Nehsi,Between the world and me,16,1,EN,CLASSE,,
Collectif,,Le désir libertaire – Le surréalisme arabe à Paris,16,1,FR,CLASSE,,Collectif textes réunis et annotés par Abdul KaderEl Janabi
DIANGELO,Robin,Fragilité blanche – Ce racisme que les blancs ne voient pas,16,1,FR,CLASSE,,
FANON,Frantz,Les damnés de la terre,16,1,FR,CLASSE,ESSAI,
FANON,Frantz,"Peau noire, masques blancs",16,1,FR ,CLASSE,ESSAI,
GÜSTIN,Jo,"Ah Sissi, il faut souffrir pour être française !",16,1,FR,CLASSE,? ROMAN,
HABIB,Stéphane,Il y a l’antisémitisme,16,1,FR,CLASSE,,
HOOKS,Bell,Rock my soul – Black people and self-esteem,16,1,EN,CLASSE,,
KORMAN,Cloé,Tu ressembles à une juive,16,1,FR ,CLASSE,,
"KWAKYE, OGUNBIYI","Chelsea, Ore",The black girl’s manifesto for change - Taking up space,16,1,EN,CLASSE,MANIFESTE,
LOBE,Max,Confidences,16,1,FR,CLASSE,,
MARIENSTRAS,Richard,Être un peuple en diaspora,16,1,FR,CLASSE,,
MBAYE,Sanou,L’Afrique au secours de l’Afrique,16,1,FR,CLASSE,,
MBEMBE,Achille,Sortir de la grande nuit – Essai sur l’Afrique décolonisée,16,1,FR,CLASSE,ESSAI,
MESTIRI,Soumaya,Décoloniser le féminisme – Une approche transculturelle,16,1,FR,CLASSE,,
MIANO,Léonora,Rouge impératrice,24/16,1,FR,CLASSE,ROMAN,
MIANO,Léonora,Afropea – Utopie post-occidentale et post-raciste,16,1,FR,CLASSE,ESSAI,
MORRISON,Toni,L’origine des autres,16,1,FR,CLASSE,ESSAI,
MORRISON,Toni,"Mouth full of blood – Essays, speeches, meditations",16,1,EN,CLASSE,,
MORRISON,Toni,The origin of others,16,1,FR,CLASSE,ESSAI,
NORTHUP,Solomon,Douze ans d’esclavage,16,1,FR,CLASSE,RECIT AUTOBIOGRAPHIQUE,
OLUO,Ijeoma,So you want to talk about race,16,1,EN,CLASSE,,
PIRINOLI,Christine,Jeux et enjeux de mémoire à Gaza,16,1,FR,CLASSE,,
"SANCHEZ-MAZAS (dir.), LICATA (dir.)","Margarita, Laurent",L’autre – regards psychosociaux,16,1,FR,CLASSE,,
SCOTT,Lawrence,Balai de sorcière,24/16,1,FR,CLASSE,ROMAN,
SIMPLICE,Sandwidi T.,President Thomas Sankara  - Qui était-il ? Première partie,16,1,FR,CLASSE,ZINE,
SIMPLICE,Sandwidi T.,Recueil de citations du président Thomas Sankara - Tome 1,16,1,FR,CLASSE,ZINE,
TERKEL,Studs,Race – Histoires orales d’une obsession américaine,16,1,FR,CLASSE,,
HOOKS,bell,Apprendre à transgresser - L’éducation comme pratique de la liberté,16/20,1,FR,CLASSE,,
BANHOFER,Hademar,Médecines naturelles de nos grand-mères – Plus de 500 recettes pratiques,1,,,,,
BECKER,Georges,Champignons,1,,,,,
"BLAMEY
GREY-WILSON","Marjorie
Christopher",La flore d’Europe occidentale,1,,,,,
BUI,Quoc Chaugz8g,Dien Chan – Methode multiréflexologique,1,,,,,
Collectif,,Les massages et leurs bienfaits,1,,,,,
Collectif,,Guide pratique pour la biodiversité – Agenda 21 Valais,1,,,,,
COLLECTIF,,Plantes médicinales,1,,,,,
COLLECTIF,,Arbres et Arbustes des forêts vaudoises,1,,,,,
Collectif,Zine collectif,Körper und Andere Übungen,1,,,,,
"COUIC MARINIER
TOUBOUL","Françoise
Anthony
",Le guide terre vivante des huiles essentielles,1,,,,,
DALMAS,Patricia,Guide des eaux florales et hydrolats,1,,,,,
DOROSZ,Philippe,"Vitamines, sels minéraux, oligo-éléments – 2ème édition",1,,,,,
"EHRENREICH
ENGLISH","Barbara
Deirdre","Sorcières, sages-femmes & infirmières – une histoire des femmes soignantes",1,,,,,
"FOREY
FITZSIMONS","Pamela
Cecilia",Fleurs sauvages – Un guide pratique pour identifier 140 fleurs,1,,,,,
HALL,Nicola,Petit guide du bien-être Réflexologie,1,,,,,
KAIZEN,,Hors-série n°3 : Comment devenir autonome – Manuel destiné aux personnes qui ont vraiment envie de prendre leur vie en main,1,1,FR,,REVUE/MAGAZINE,
LLORCA,Françoise,Kinésiologies – Mémoires et intelligence du corps,1,2,,,,
QUINCHE ,Robert,"Ces plantes qui guérissent, la nature au service de notre santé",1,,,,,
SHAFAK,Elif,How to stay sane in an age of division,1,,,,,
SQUIRE,David,Le guide des plantes d’intérieur,1,,,,,
"TAL SCHALLER
RAZANAMAHAY","Christian
Johanne",Testez l’urinothérapie,1,,,,,
THUN,Maria,Mon année au jardin bio-dynamique – 100 trucs et astuces,1,,,,,
TOMANOVA,Eliska,Plantes sauvages,1,,,,,
VOGEL,A.,Le foie – régulateur de la santé,1,,,,,
VONARBURG,Bruno,Plantes médicinales au rythme des saisons – tome 2,1,,,,,
"WEI 
HEBING","Bai
Dai",The natural way – traditional chinese medicine,1,,,,,
ALESSANDRIN,Arnaud,Sociologie des transidentités,2,,,,,
ANONYME,,Nous ne sommes pas des hommes,2,,,,,
BARIL,Alexandre,Transsexualité et privilèges masculins : Fictions ou réalité ?,2,,,,,
"BARKER
SCHEELE","Meg-John 
Julia",Gender – A graphic guide,2,,,,,
BOCCHETTI et CUCCIO,Daniele et Giorgio,Transsexuels incroyables,2,,,,,
BORNSTEIN,Kate,"Gender Outlaw – On men, women and the rest of us",2,,,,,
"BOUSQUET
JAYPEE",Charlotte,Barricades,2,,,,,
"BRUGÈRE
LE BLANC","Fabienne
Guillaume","Judith Butler - Trouble dans le sujet, trouble dans les normes",2,,,,,
BUTLER,Judith,Trouble dans le genre – Le féminisme et la subversion de l’identité,2,,,,,
BUTLER,Judith,Trouble dans le genre,2,,,,,
"CASTRO
ZUTTION","Catherine
Quentin",Appelez-moi Nathan,2,,,,,
COLLECTIF,Revue,Hugs and kisses – Tender to all gender – Numéro 6,2,,,,,
COLLECTIF,Santé active et solidaire,"SAS, please someone help me : fanzine de santé communautaire transpédégouines meufs",2,,,,,
COLLECTIF,,Girly : Transgender Zine issue 5,2,,,,,
COLLECTIF,,Camp Trans (2001),2,,,,,
"Collectif laboria Cuboniks
IRLAND
BAUER
HESTER
BURCH
FRASER
REED","
Amy
Diann
Helen
Katarina
Lucca
Patricia",Manifeste Xénoféministe,2,,,,,
Collectif Outrans,Brochure,Hormones et parcours trans,2,,,,,
DELISLE,Circé,Autonomie & autodétermination,2,,,,,
DORLIN,Elsa,"Sexe, genre et sexualités",2,,,,,
EPICENE ,,TRANS* - photos Noura Gauper,2,,,,,
FEINBERG,Leslie,Transgender Warrior (I),2,,,,,
FEINBERG,Leslie,Le mouvement de libération transgenre,2,,,,,
"FITZGERALD
MARQUEZ","Tom
Lorenzo",Legendary Children,2,,,,,
FRAISSE,Geneviève,Les excès du genre,2,,,,,
"G.
ZUCKERBERG","Mady 
J.R.",A quick & easy guide to queer & trans identities,2,,,,,
"GANDNER
NAHON","Céline
Maël",Je suis Sofia,2,,,,,
GUEX,Peggy,"Roland, Gloria, Diane et moi",2,,,,,
HOFFMAN,Dara,You and your gender identity – A guide to discovery,2,,,,,
HOUBRE,Gabrielle,"Les deux vies d’Abel Barbin, né Adélaïde Herculine (1838-1868)",2,,,,,
HUBERT,Collectif,Les gens normaux – Paroles lesbiennes gay bi trans,2,,,,,
JOHNSON,Erin,Queer & Trans Sexual Assault : A Youth Issue,2,,,,,
KAYE,Julia,Super late bloomer my early days in transition,2,A CONSULTER SUR PLACE,,,,
LABELLE,Sophie,Le monde a besoin de plus de personnes trans,2,,,,,
LAQUEUR,Thomas,La fabrique du sexe,2,,,,,
LEXIE,,Une histoire de genres – Guide pour comprendre et défendre les transidentités,2,,,,,
MAILLET,Clovis,Les genres fluides,2,,,,,
PAGE MCBEE,Thomas,Amateur – A true story about what makes a man,2,,,,,
PRATT,Minnie Bruce,Le quiz du genre,2,,,,,
PRECIADO,Paul B.,Un appartement sur Uranus,2,,,,,
PRECIADO,Paul B.,Je suis un monstre qui vous parle,2,,,,,
SERANO,Julia,El privilegio cisexual,2,,,,,
SERANO,Julia,Manifeste d’une femme trans et autres textes,2,2,,,,
SOM,Bishak,"Spellbound, a graphic memoir",2,A CONSULTER SUR PLACE,,,,
TINCELIN,Adel,On n’a que deux vies – Journal d’un transboy,2,,,,,
TOLOSA et La Rétroleuse,Eugène-Féerique et la Rétroleuse,Manuel de savoir-vivre en milieu TPG,2,,,,,
YOUNG,Eris,They/Them/Their – A guide to Nonbinary & Genderqueer Identities,2,,,,,
Collectif,Ouvrage collectif,réflexions autour d’un Tabou – L’infanticide,3,,,,,
COLLECTIF,Project Úter,Project Úter,3,,,,,
Collectif de l’internationale des femmes,,"Le droit de choisir : avortement, contraception : lutte internationale des femmes",3,,,,,
Compte rendu groupe de travail IVG,,Nécessité de changer la loi : oui au régime du délai – 2001,3,,,,,
DOSSIERS Classeurs IVG,,2 Classeurs d’informations sur l’IVG en Suisse,3,,,,,
DOSSIERS sur la procédure IVG en Suisse,,Un dossier de 1974. un dossier de 1997,3,,,,,
DUDEN,Barbara,L’invention du fœtus,3,,,,,
"GAILLARD
MAHAIM","Ursula
Annik",Retard de règles,3,,,,,
GAUTHIER,Xavière,Avortées clandestines,3,,,,,
HALIMI,Gisèle,La cause des femmes,3,2 (1 folio et 1 Grasset),,,,
Les filles des 343,,"J’ai avorté et je vais bien, merci",3,,,,,
MASPERO,François,Libérons l’avortement – Comité pour la liberté de l’avortement et de la contraception,3,,,,,
BEAUREBEC,Bertouille,Balance ton corps – Manifeste pour le droit des femmes à disposer de leurs corps,4,,,,,
"COPPEL
AMAOUCHE
BRAGGIOTTI
","Anne
Malika
Lydia","Le bus des femmes prostituées, histoire d’une mobilisation",4,,,,,
D’ANGELO,Robin,"Judy, Lola, Sofia et moi",4,,,,,
"DESCHAMPS
SOUYRIS","Catherine
Anne",Femmes publiques – les féminismes à l’épreuve de la prostitution,4,2,,,,
DOUROU,Muriel,Putain de vies ! Itinéraires de travailleuses du sexe,4,,,,,
FRANCES,Jacqueline,The beaver show,4,,,,,
MATHIEU,Lilian,"prostitution, quel est le problème ?",4,,,,,
SCHAFFAUSER,Thierry,Les luttes des putes,4,2,,,,
BATTAGLIOLA,Françoise,Histoire du travail des femmes,5,,,,,
"BENELLI
ROSENDE","Magdalena
Benelli",Laboratoires du travail,5,,,,,
"BISILLIAT 
VERSCHUUR","Jeanne 
Christine",Genre et économie : un premier éclairage,5,,,,,
CFDT,Collectif,Travailleuses – Combat pour une libération,5,,,,,
"CHRISTE
NATCHKOVA
SCHICK
SCHOENI","Sabine
Nora
Manon
Céline",Au foyer de l’inégalité,5,,,,,
CORNAZ,Maria Immita,L’emploi à temps partiel,5,,,,,
CORNAZ,Maria Immita,Travail professionnel de la mère et vie familiale,5,,,,,
"CORSANI
LAZZARATO","Antonella
Maurizio",Intermittents et précaires,5,,,,,
couRAGE,Sud Info revue,Les mères chômeuses dans le viseur de l’ORP,5,,,,,
COUTROT,Thomas,Critique de l’organisation du travail,5,,,,,
"DAHINDEN
HERTZ
LIEBER","Janine
Ellen
Marylene",Cachez ce travail que je ne saurais voir,5,,,,,
DELPHY,Christine,Pour une théorie générale de l’exploitation,5,,,,,
DESPLAND,Béatrice,Femmes et travail,5,,,,,
DIVRY,Sophie,Quand le diable sortit de la salle de bain,5,,,,,
"GENDRON
HIESTAND
STUEBIG","Geneviève
Gertrude
Karin",Le temps d’après,5,,,,,
GIORGI,Alda DE,Ménage-toi,5,,,,,
GRIF,Les cahiers du GRIF,La mise à nu,5,,,,,
GRIF,Les cahiers du GRIF,"Leur crise, nos luttes",5,,,,,
GRIMM,Collectif Le Grimm,Nous n’irons plus pointer chez Gaïa – Jours de travail a Kokopelli,5,,,,,
"LAMAMRA
MASDONATI","Nadia
Jonas",Arrêter une formation professionnelle,5,,,,,
LIGUE MARXISTE RÉVOLUTIONNAIRE,Collectif,La prise en charge des enfants n’est pas que l’affaire des femmes…,5,,,,,
"MARTI
MESSANT
MODAK","Laurence
Françoise
Marianne",Vies de mécaniciens,5,,,,,
MARTIN-FUGIER,Anne,"La place des bonnes, la domesticité féminine à Paris en 1900",5,,,,,
SCHOENI,Céline,Travail feminin : retour a l’ordre !,5,,,,,
"WITTER
WELYER-LANG","Laurette
Daniel",Les faits du Logis,5,,,,,
ZYLBERBERG-HOCQUARD,Marie-Hélène,Féminisme et syndicalisme en France,5,,,,,
"BÉGAUDEAU
GUILLAR","François
Cécile",Une vie de moche,6,,,,,
"BORDIER
KARENSAC
GENTILHOMME
CY
BOISEAU
MEYNET
MALLE
MESSANA
COLLIGNON
MAUREL
GOMEZ
CAROLINE
MATHOU
","Léa

Ève

Marie
Sibylline
Mirion
Anne-Olivia
Daphné
Carole
Lucile
Mademoiselle",Cher corps,6,,,,,
BOREL,Xochitl,"L’alphabet des anges, l’aire",6,,,,,
BURI,Rosmarie,« Grosse et bête » l’histoire de ma vie,6,2,,,,
CASTOR,Léa,Corps à coeur coeur à corps,6,,,,,
CELLINI,Matteo,"Moi, la grosse",6,,,,,
COLLECTIF,COLLECTIF,Hangry (zine numéro 1),6,,,,,
COLLECTIF,COLLECTIF,Hangry (zine numéro 2),6,,,,,
COLLECTIF,Gras Politique,Pourquoi le féminisme doit s’emparer de la grossophobie,6,,,,,
Collectif,,mon corps est un champ de bataille tome 2,6,,,,,
Collectif (et Carla Rice),,"Mon corps est un champs de bataille, analyses et témoignages",6,,,,,
DÉTREZ,Christine,la construction sociale du corps,6,,,,,
DEYDIER,Gabrielle,On ne naît pas grosse,6,,,,,
FEDERICI,Silvia,Par-Delà les frontières du corps,6,,,,,
"FRIGON (sous la direction de)
LE BRETON
ROBERT
DUFRESNE
HOLMES
J.MURRAY
R. SHANTZ
CELLARD
CAUCHIE
CORRIVEAU
BRUCKERT
LEHALLE
PERREAULT
M.KILTY
JENNY
","Sylvie 
David 
Dominique 
Martin 
Dave 
Stuart 
Laura 
André 
Jean-François 
Patrice 
Chris 
Sandra 
Isabelle 
Jennifer 
Claire","Corps suspect, corps déviant",6,,,,,
GAY,Roxane,Hunger – une histoire de mon corps,6,,,,,
HAGEN,Sofie,Happy fat – taking up space in a world that wants to shrink you,6,,,,,
JOUB,,Traits intimes,6,,,,,
K.,Marina,Je suis grosse,6,,,,,
"LAINÉ
NAVIE",Audrey,moi en double,6,,,,,
LECLÈRE,Françoise,Journal d’une grosse qui réfléchit,6,,,,,
"LENROUILLY
TAIED","Juliette
Léa",Parlons poil ! Le corps des femmes sous contrôle,6,,,,,
LOISEAU,Marie,Ni bonne ni mauvaise ni tout à fait le contraire,6,,,,,
"MADEMOISELLE CAROLINE
MATHOU
DEYDIER",".
.
Gabrielle",À volonté – Tu t’es vue quand tu manges ?,6,,,,,
"MARX
PEREZ-BELLO
COLLECTIF GRAS POLITIQUE","Daria
Eva
",« gros » n’est pas un gros mot – chroniques d’une discrimination ordinaire,6,,,,,
QUEVAL,Isabelle,Le corps aujourd’hui,6,,,,,
TANX,,VELUE,6,,,,,
VIGARELLO,Georges,Le propre et le sale – l’hygiène du corps depuis le Moyen Age,6,,,,,
"X
Toniv","Chloe
Gina",The fat zine by fat people for fat people + those that care,6,,,,,
EISENDLE,Helmut,La mort par les plantes,7,,,,,
MINOIS,Georges,Histoire du suicide – La société occidentale face à la mort volontaire,7,,,,,
parentalité,parentalité,Vivre près des tilleuls,7,,,,,
SATRAPI,Marjane,Poulet aux prunes,7,2,,,,
ANONYME,,Petit guide pratique pour la production de semences,8,,,,,
ANONYME,,La sérigraphie en trois étapes,8,,,,,
ANONYME,,"Cantines, précis d’organisation de cuisine collective",8,,,,,
BAILLARGEON,Normand,Petit cours d’autodéfense intellectuelle,8,,,,,
BURKARTH BERGERAT,Nadine,"Bavoirs, 19 modèles originaux",8,,,,,
COLLECTIF,,Chausettes & Cie,8,,,,,
COLLECTIF,,Guide d’autodéfense numérique,8,,,,,
COLLECTIF,,Guide Les couches lavables et autres alternatives aux couches jetables,8,,,,,
GUELPA et Robert,Emilie et Julie,"Mon cours de tissage, technique et astuce",8,,,,,
JACKSON et CLARK,Shelly Lynn et Ethan,"The chainbreaker, Bike book",8,,,,,
ANONYME,,Tranarchy,10,,,,,
BECQUELIN,Louisa,Tout ce que reflète la nacre,10,,,,,
BOLLI,Michèle,Laisses,10,,,,,
DEHARME // CAHUNE ,Lise /// Claude,Le coeur de pic ,10,,,,,
DIGNARD,Sara,Te dire ou – Poésie,10,,,,,
FINA,Gabriella De,Baci d’onore et non d’amore,10,,,,,
GILL,Nikita,"Wild embers – poems of rebellion, fire and beauty",10,,,,,
GONARD,Laurie,Comme une volière dans la tête,10,,,,,
HADDAD,Joumana,Le retour de Lilith,10,,,,,
KAUR,Rupi,milk and honey,10,,,,,
KAUR,Rupi,the sun and her flowers,10,,,,,
KAUR,Rupi,lait et miel,10,,,,,
LABÉ,Louise,Sonnets-Élégies / Débat de folie et d’amour,10,,,,,
LONG,Rachel,My darling from the Lions,10,,,,,
"LORDE
RICH
ANZALDUA
HOOKS
JORDAN
MORAGA
ALLISON
SHAKUR
MORGAN
KAHF
GUNN ALLEN
WONG
KLEPFISZ
IMMA
TSUI
EDWARDS
MORENO
CORBETT
BROWN
NIETOGOMEZ
WEST
LINDSEY
SAXE
CLAUSEN","Audre
Adrienne
Gloria
bell
June
Cherrie
Dorothy
Assata
Robin
Mhoja
Paula
Nellie
Irena
Z’étoile
Kitty
Kari
Angela

Wilmette
Anna
Jayne
Kay
Susan
Jan","Je transporte des explosifs, on les appelles des mots * poésie et féminismes aux États-Unis",10,,,,,
LOVELACE,Amanda,the witch doesn’t burn in this one,10,,,,,
LOVELACE,Amanda ,the witch doesn’t burn in this one,10,,,,,
LOVELACE,Amanda ,the mermaid’s voice returns in this one,10,,,,,
LOVELACE,Amanda ,break your glass slippers,10,,,,,
MENAGE,Gilles,Histoire des Femmes Philosophes,10,,,,,
MORGAN,Robin,Monster,10,,,,,
"PRINCESSE LAMARCHE
MARIA ELISA",Tania,"Pouliches, moi – Poèmes érotiques contre l’hétéronormativité",10,,,,,
PROVENZANO,Anna,Crescono Fiori – Haiku per Palermo,10,,,,,
RICH,Adrienne,"Your native land, your life",10,,,,,
"VILLENEUVE
RAMBAUD","Angélique
Eugénie",Les herbes folles,10,,,,,
WASSERSTEIN,Wendy,The Heidi Chronicles,10,,,,,
WOHMANN ,Gabriele,Grund zur Aufregung,10,,,,,
(?)tulin,alexia,,11,,,,,
"ALLAIN BONILLA
BLANC
RENARD
ZABUNYAN","Marie-Laure
Émilie
Johanna
Elvan
",Constellations subjectives. Pour une histoire féministe de l’art,11,,,,,
BIEMANN,Ursula,Been there and back to nowhere – Gender in transnational spaces,11,,,,,
"BILAT
HAVER
PANDELAKIS
SÖDEBERG
ISAKSSON
BOURLEZ
SCHAAL
KRICHANE
JUBIN
MALBOIS
RISTIC
J.KHAN
PORRET
WILLIS
BOILLAT
E.COLLADO
","Loïse
Gianni
Pia
Eva
Malin
Fabrice
Michèle
Selim
Olivier
Fabienne
Jelena
Salah 
Michel
Louis-Paul
Alain
Mélanie",Le héros était une femme…le genre de l’aventure,11,,,,,
"BUCHER
HATTAN","Jolanda
Eric",Hannah Villiger,11,,,,,
COLLECTIF,,Manufacture et Manucure,11,,,,,
COLLECTIF,,"L’inadeguato, Lo inadecuado, the inadequate",11,,,,,
Collectif,,Queer Holdings – A survey of the Leslie-Lohman Museum Collection,11,,,,,
COTTINGHAM,Laura,Combien de « sales » féministes faut-il pour changer une ampoule ? Antiféminisme et art contemporain,11,,,,,
"CUKIERMAN (dir)
DAMBURY (dir)
VERGÈS (dir)
ATTIA
BACHELOT NGUYEN
CHAILLON
DAO
DOUMBIA
DURIMEL
EL KHARRAZE
GAY
GUELLATI
KABAL
KASSI KOUYATÉ
LECLAIRE
MARBOEUF
OBOLO
SAINTE ROSE FANCHINE","Leïla
Gerty
Françoise
Kader
Marine
Rébecca
Myriam
Eva
Daïa
Karima
Amandine
Mohamed
D’de
Hasane
Jalil
Olivier
Pascale
Sandra",Décolonisons les arts !,11,,,,,
DEREN,Maya,Ecrits sur l’art et le cinéma,11,,,,,
Des femmes de Musidora,Collectif,Paroles...elles tournent !,11,,,,,
"FIDECARO
LACHAT
TRASFORINI
COSSY
KUNZ WESTERHOFF
LEPERLIER
ROLLET
MARQUIÉ
BUSCATTO
DUPUIS
COLLIN","Agnese
Stéphanie
Maria Antonietta
Valérie
Dominique
François
Rollet
Hélène
Marie
Sylviane
Françoise",Profession : créatrice – La place des femmes dans le champ artistique,11,,,,,
FREUND,Gisèle,Photographie et société,11,,,,,
GANZO,Fernando,Black light – Pour une histoire du cinéma noir,11,,,,,
GROSENICK,Uta,Women artists – femmes artistes du XXe et XXIe siècles,11,,,,,
INTERFOTO,,Périphéries,11,,,,,
JARPA,Volupsa,Biblioteca de la No-Historia,11,,,,,
Les cahiers du GRIFF,Collectif,"Décréer, procréer, recréer",11,,,,,
"LIGNON (sous la direction de)
TRICLOT
BLANCHET
COVILLE
KRICHANE
GENVO
PERRON
MOSCA
MOZZICONACCI
VACHEY
SPIES
ZERBIB
DRISCOLL
BEAVIS","Fanny
Mathieu
Alexis
Marion
Sélim
Sébastien
Bernard
Ivan
Vanina
France
Virginie
Olivier
Catherine
Catherine",Genre et jeux vidéo,11,,,,,
Machida,Keiko,Butterfly,11,,,,,
"RECKITT
PHELAN","Helena
Peggy",Art et féminisme,11,,,,,
REVUE,Collectif,THE EYES - #11 : TRANSGALACTIQUE,11,,,,,
BAKER,Catherine,Insoumission à l’école obligatoire,12,,,,,
"BENGHOZI
ETCHART","Pierre
Pierre","L’inceste, scènes de famille",12,,,,,
BLANCHARD,Véronique,"Vagabondes, voleuses, vicieuses – Adolescentes sous contrôle, de la libération à la libération sexuelle",12,,,,,
Collectif,,Éducation populaire & féminismes : Récit d’un combat (trop) ordinaire,12,,,,,
"CÔTÉ
DALLAIRE
VÉZINA","Isabelle
Louis-François
Jean-François",Tempête dans la famille – Les enfants et la violence . 2Ième édition,12,,,,,
COWELL,Cressida,Les aventures des jumeaux Ciméon,12,,,,,
CYR,Mireille,Recueillir la parole de l’enfant témoin ou victime – De la théorie à la pratique,12,,,,,
DUFOUR,Catherine,Guide des métiers pour les petites filles qui ne veulent pas finir princesses,12,,,,,
"FELTEN
FREY
PITTNER
RUSTERHOLTZ
WICKI","Margrith Von
Rosmarie
Ulrike
Ingrid
Hannah",Achtung Mädchen : Fur ein sexismusfreis Bildungswesen,12,,,,,
GIANINI BELOTTI,Elena,Du côté des petites filles,12,,,,,
JOMINI-MAZONI,Regina,Écoles anarchistes au Brésil (1889-1920),12,,,,,
LAMOTTE,Emilie,"L’éducation rationnelle de l’enfance/ La limitation des Naissances. Moyens d’éviter les grandes familles/ Lettre sur l’amour, la beauté, la vie, l’inconstance et quelques autres sujets",12,,,,,
LUEBBERT,Maddie aka Mx. Luebbert,Queering the Classroom,12,,,,,
MOREAU,Thérèse,Pour une éducation épicène,12,,,,,
PRAZ,Anne-Françoise,De l’enfant utile à l’enfant précieux,12,,,,,
RUCHAT,Martine,Édouard Claparède : À quoi sert l’éducation ?,12,,,,,
BAKER,Catherine,Pourquoi faudrait-il punir ?,13,,,,,
BENOTMAN,Hafed,"Ça ne valait pas la peine, mais ça valait le coup : 26 lettres contre la prison",13,,,,,
"BERARD
CHANTRAINE","Jean
Gilles",80000 détenus en 2017 ? Réforme et dérive de l’institution pénitentiaire,13,,,,,
CADECOL Collectif,,"Face à la police, face à la justice : Guide d’autodéfence juridique 2ème édition",13,,,,,
CASES REBELLES Collectif,,100 Portraits contre l’état policier,13,,,,,
Collectif,À couteaux tirés ,Les indésirables . 1. Lecce (Italie),13,,,,,
COLLECTIF,revue,L’envolée n°28,13,,,,,
COLLECTIF,revue,"Flagrant délit n°12 inégalités, contrôle social, discriminations…",13,,,,,
COLLECTIF,revue,l’envolée n°50,13,,,,,
COLLECTIF,revue,L’envolée n°48,13,,,,,
COLLECTIF,revue,l’envolée n°47,13,,,,,
COLLECTIF,revue,L’envolée n°41,13,,,,,
Collectif,,Brique par brique / Se battre contre la prison et son monde (Belgique 2006-2011),13,,,,,
Collectif,,"Éclats de liberté / La lutte contre la construction d’un nouveau centre fermé pour clandestins à Steenokkerzell (Belgique, 2009-2010)",13,,,,,
COLLECTIF,,3 rosen gegen grenzen,13,,,,,
COLLECTIF,,En finir avec le placard : Recueil de textes de prisonnier.e.s politiques LGBT,13,,,,,
DAVIS,Angela,La prison est-elle obsolète ?,13,,,,,
DOGAN,Zehra,Nous aurons aussi de beaux jours – Écrits de prison,13,,,,,
ERDOGAN,Asli,Le silence même n’est plus à toi,13,,,,,
GABARD,Mathieu,CRA : 115 d’hommes séquestrés,13,,,,,
GERARD,Nicole,Sept ans de pénitence,13,,,,,
GUELPA,Béatrice,Sorties - Parcours de cinq détenus,13,,,,,
GUILLAUMAUD-PUJOL,Claude,"Prisons de femmes – Janine, Janet & Debbie, une histoire américaine",13,,,,,
HELLER,Geneviève,Ceci n’est pas une prison,13,,,,,
MEINHOF,Ulrike,Mutinerie et autres textes d’Ulrike Meinhof — Déclarations et analyses des militants de la fraction armée rouge emprisonnés à Stammheim,13,,,,,
"Revue COLLECTIF
BENASAYAG
COULOMB
DAVERAT
FAURE
JOBARD
LEBRUN
MALINCONI
NEGRI
PAILLER
RENAULT
SARAMAGO
VICARD","
Aarrg Miguel
Hervé
Xavier
Michaël
Fabien
Jean-Pierre
Nicole
Toni
Aline
Emmanuel
José
Pyët","le passant ordinaire n°39, sécurité précarités",13,,,,,
RICORDEAU,Gwenola,Pour elles toutes – Femmes contre la prison,13,,,,,
SCORDIA,Manu,Ali Aarrass,13,,,,,
T’OKUP !,Revue,Ces libertés qu’on nous vole,13,,,,,
TRAORÉ,Assa,Lettre à Adama,13,,,,,
"TRAORÉ
DE LAGASNERIE","Assa
Geoffroy",Le combat Adama,13,,,,,
YIMU,Liao,Des balles et de l’opium,13,,,,,
ZAINO,Assia,Des hommes entre les murs – Comment la prison façonne la vie des palestiniens,13,,,,,
AL RUBAEE,Marina,Il était une voix...L’histoire d’une petite fille dans un monde sans bruit,14,,,,,
ANDREWS,A.,A quick & easy guide to sex & disability,14,A CONSULTER SUR PLACE,,,,
ANONYME,,Comment rendre votre milieu militant plus inclusif pour les personnes neurodivergentes,14,,,,,
ANONYME,,Stratégie pour faire face à l’entente de voix,14,,,,,
BELISSEN,Patrick,Paroles de sourds – A la découverte d’une autre culture,14,,,,,
COLLECTIF,Cases Rebelles,I got so much trouble on my mind…,14,,,,,
COLLECTIF,Revue,sans remède n°5,14,,,,,
COLLECTIF,Sans Remède,Sans Remède N°1 (Mars 2010),14,,,,,
COLLECTIF,Sans Remède,Sans Remède N°3 (Août 2011),14,,,,,
COLLECTIF,The Icarus project & Freedom Center,Guide pour décrocher des médicaments psychotropes en réduisant les effets nocifs,14,,,,,
COLLECTIF,,Pathologize this ! : a mental health zine,14,,,,,
DELBEE,Anne,Une femme – La vie de Camille Claudel,14,,,,,
"DUDA
PUSH","Sibylle
Luise F.",WahnsinnsFrauen,14,,,,,
DURAND,Jean-Jacques,"Moi, l’infirmier des fous",14,,,,,
EGGLI,Ursula,Kassandra-Rufe,14,,,,,
FERNANDO,Suman,Les racines du racisme en psychiatrie,14,,,,,
FORNEY,Hellen,"Une case en moins - la dépression, Michel-Ange et moi",14,,,,,
FRACHEBOUD,Virginie,L’introduction de l’assurance invalidité en Suisse,14,,,,,
FRAME,Janet,"Un ange à ma table – Ma terre, mon île, vol. I",14,,,,,
Garance,,R.a.c.o.n.t.e.r,14,,,,,
"GORMAN, SAINI, TAM, UDEGBE, USAR","Rachel, Annu, Louise, Onyinyechukwu, Onar",Les personnes folles racisées – un manifeste,14,,,,,
H.K,,Barge,14,,,,,
HOLLIDAY WILLEY,Liane,Vivre avec le syndrome d’Asperger,14,,,,,
KAMINSKY,Annie,"De Gaza au Royaume-Unis : la santé mentale n’est pas uniquement un problème médical, elle est politique",14,,,,,
KINOUANI,Guilaine,Le langage de la souffrance : santé mentale et invisibilité des femmes noires,14,,,,,
LEE,,Comment être unE alliéE pour les personnes handicapées et neurodiverses dans les communautés militantes et universitaires,14,,,,,
MALLE,Mirion,C’est comme ça que je disparais,14,,,,,
MAS,Victoria,La bal des folles,14,,,,,
NIKESCO,,Le bruit des gens,14,,,,,
NORDIN,Vera et Charlotte,Celle que je suis,14,,,,,
RICHOZ,Claudine,Profession : infirme,14,,,,,
SHORT,Caroline,Habiter ma vie – Au-delà des apparences,14,,,,,
THE ICARUS PROJECT,,Traverser une crise,14,,,,,
VALERE,Valérie,Le pavillon des enfants fous,14,,,,,
"VILLIEU
SARFATI","Valérie
Raphaël",Little Josephine,14,,,,,
XENAKIS,Mâkhi,Les folles d’enfer de la salpêtrière,14,,,,,
ANONYME,,À quoi ça sert ?,15,,,,,
BOUCHERIE,Alexia,Troubles dans le consentement / Du désir partagé au viol : ouvrir la boite noire des relations sexuelles,15,,,,,
CAISNE,Arielle,L’ortie,15,,,,,
"CHEN
DULANI
LAKSHMI PIEZNA-SAMARASINHA","Ching-in
Jai
Leah",The revolution starts at home – Confronting intimate violence within activist communities,15,,,,,
COLLECTIF,Comité des ex-anarchistes aigriEs,À propos de violences sexuelles et d’exclusions,15,,,,,
DELPHY,Christine,Un troussage de domestique,15,,,,,
DESPENTES,Virginie,King kong theorie,15,,,,,
FAURE,Valentine,"Lorsque je me suis relevée, j’ai pris mon fusil – Imaginer la violence des femmes",15,,,,,
FLAMENT,Flavie,La consolation,15,,,,,
FORRESTER,Amber,Culture Slut  Issue #19 (Spring 2009),15,,,,,
GALEY,Iris,Icht weinte nicht als vater starb,15,,,,,
HANIKA,Beate Teresa,Le cri du petit chaperon rouge,15,,,,,
HASINOFF,Amy Adele,"Sexting panic – Rethinking criminalization, Privacy and Consent",15,,,,,
"LEQUETTE (Dir)
LE VERGOS (Dir)","Samuel
Delphine",Cours petite fille !,15,,,,,
LUST,Ulli,Trop n’est pas assez,15,,,,,
MAGUIRE,Toni,Ne le dis pas à maman,15,,,,,
MARTIN,Claire,Dans un gant de fer,15,2,,,,
MATHIEU,Thomas,Les crocodiles,15,2,,,,
"MATHIEU
BOUTANT","Thomas
Boutant",Les crocodiles sont toujours là,15,,,,,
"MEYNET
JOLY","Sibylline
Salomé",Silencieuse(s),15,,,,,
"PIETRUCCI
VIENTIANE
VINCENT","Sophie
Chris
Aude",Contre les publicités sexistes,15,,,,,
POTTER,Shawna,"Making spaces safer – A guide to giving harassment the boot wherever you work, play and gather",15,,,,,
"RENARD
PERROT (préface)","Noémie
Michelle",En finir avec la culture du viol,15,,,,,
SALMONA,Muriel,Le livre noir des violences sexuelles,15,,,,,
SENARCLENS,Coline de.,Salope !,15,2,,,,
UNA,,L’une d’elles,15,,,,,
ZEILINGER,Irène,"Non, c’est non – Petit manuel d’autodéfense à l’usage de toutes les femmes qui en ont marre de se faire emmerder sans rien dire",15,,,,,
BALDWIN,James,Chroniques d’un enfant du pays,16,,,,,
BALDWIN,James,I am not your negro,16,,,,,
BALDWIN,James,Un autre pays,16,,,,,
BENNETT,Brit,Je ne sais pas quoi faire des gentils blancs,16,,,,,
"BOGGIO ÉWANJÉ-ÉPÉE
MAGLIANI-BELKACEM","Félix
Stella",Les féministes blanches et l’empire,16,,,,,
BOUTELDJA,Houria,"Les blancs, les juifs et nous – vers une politique de l’amour révolutionnaire",16,,,,,
"BOUTELDJA
KHIARI",hors d,Nous sommes les indigènes de la république,16,2,,,,
BRAHIM,Rachida,La race tue deux fois – Une histoire des crimes raciste en France (1970-2000),16,,,,,
BUTLER,Octavia E.,Liens de sang,16,,,,,
CANIZALES,Pj,Amazona,16,,,,,
COATES,Ta-Nehisi,Une colère noire – Lettre à mon fils,16,,,,,
Collectif Qui fait la france ?,,Chroniques d’une société annoncée,16,,,,,
DIANGITUKWA,Fweley,La thèse du complot contre l’Afrique – Pourquoi l’Afrique ne se développe pas,16,2,FR,,,
DIANTANTU,S.,Memoire de l’esclavage,16,,,,,
"DUFFEY
JENNINGS","Damian
John",Liens de sang,16,,,,,
EDDO-LODGE,Reni,Why I’m no longer talking to white people about race,16,,,,,
GABRIEL,Joao,Cartographie des militantismes afros en contexte français,16,,,,,
GABRIEL,Joao,"En quoi le panafricanisme pourrait-il nous concerner, nous les « Antillais » ?",16,,,,,
GABRIEL,Joao,Le racisme n’est pas une affaire d’ignorance,16,,,,,
HAJJAT,Abdellali,La marche pour l’égalité et contre le racisme,16,1,FR,,,
HOOKS,Bell,What happens when white people change,16,,,,,
HOPKINSON,Nalo,En direction de la platnète minuit – celle qui s’adresse au peuple blanc,16,,,,,
"LANG
MOKRANI","Myriam
Dunia",Au-delà du développement – critiques et alternatives latino-américaines,16,,,,,
LORDE,Audre,Sister Outsider,16,,,,,
MORRISON,Toni,Beloved,16,2,,,,
MORRISON,Toni,Race,16,,,,,
NOAH,Trevor,Born a crime – Stories from a south african childhood,16,,,,,
SLIMANI,Leila,"Sexe et mensonges, la vie sexuelle au Maroc",16,,,,,
ANCELE,Pierre-Jean,"Du tac au tac, anglais, plus de 1500 phrases prêtes à l’emploi",17,2,,,,
C. de KEMPIN,Carmen,Verbos espanoles,17,,,,,
COLLECTIF,,"Espagnol, guide de conversation pour le voyage",17,,,,,
COLLECTIF,,Je parle espagnol,17,,,,,
COLLECTIF,,"Parler italien en voyage, avec les cartes de Florence et de Rome",17,,,,,
COLLECTIF,,"Italien, guide de conversation de voyage",17,,,,,
COLLECTIF,,"Anglais, le guide de conversation Routard",17,,,,,
COLLECTIF,,"Dictionnaire, La langues des signes, mots et expressions illustrées",17,,,,,
COLLECTIF,,Larousse dictionnaire français espagnol,17,,,,,
COLLECTIF,,"Allemand, guide de conversation pour le voyage",17,,,,,
COLLECTIF,,Le nouvel allemand sans peine,17,,,,,
COLLECTIF,,Verbtabellen Deutsch,17,,,,,
COLLECTIF,,"Bescherelle, la grammaire",17,,,,,
COLLECTIF,,"Bescherelle, la conjugaison",17,,,,,
DEMARCHE,Jean-Pierre,"Du tac au tac, allemand, 1300 phrases prêtes à l’emploi",17,,,,,
GALANT (dir.),Philippe,Dictionnaire bilingue L.S.F./Français,17,,,,,
MARIANT et VASSIVIERE,Claude et Daniel,Pratique de l’espagnol de A à Z,17,,,,,
"MILLER-YOUNG
PARRENAS SHIMIZU
PENLEY
TAORMINO","Mireille
Céline
Constance
Tristan",The feminist porn book – The politics of producing pleasure,17,,,,,
VIDAL,Jean-Paul,"Espagnol, le mot pour le dire, vocabulaire thématique",17,,,,,
ANONYME,,Put the Fun Between your Legs,18,,,,,
BARMAK,Sarah,Jouir – en quête de l’orgasme féminin,18,,,,,
CARTER,Angela,the Sadeian woman and the ideology of pornography,18,,,,,
Cécile,,Année érotique,18,,,,,
CHAPERON,Sylvie,La médecine du sexe et les femmes – anthologie des perversions féminines au XIXè siècle,18,,,,,
COLLECTIF, ,Dildos Not Bombs,18,,,,,
COLLECTIF,Dildos Not Bombs,Dildos Not Bombs II,18,,,,,
COLLECTIF,,SelFrissons via la masturbation (ou pas),18,,,,,
Collectif,Zine,Epectase – numéro 2,18,,,,,
CY,,le vrai sexe de la vie,18,,,,,
DELORME,Wendy,Insurrections ! En territoire sexuel,18,,,,,
"EASTON
HARDY","Dossie
Janet",L’art de dominer,18,,,,,
"EASTON
HARDY","Dossie
Janet",L’art de soumettre,18,,,,,
EMMANUELLE,Camille,"Lettre à celle qui lit mes romances érotiques, et qui devrait arrêter tout de suites",18,,,,,
FASIKI,Zainab,Hschouma – corps et sexualité au Maroc,18,,,,,
FRIDAY,Nancy,L’empire des femmes – les femmes ont changé. Elles confient leurs fantasmes sexuels,18,,,,,
HAINES,Staci,Healing sex – a mind-body approach to healing sexual trauma,18,,,,,
"HENNING
BREMER-OLSZEWSKI","Ann-Marlene
Tina",Make love – une éducation sexuelle,18,,,,,
HITE,Shere,Le rapport Hite,18,,,,,
LAFOSSE DAUVERGNE,Geneviève,Mode et fétichisme,18,,,,,
MAZAURETTE,Maïa,"Sortir du trou et échapper à notre vision étriquée du sexe
Lever la tête et inventer un nouveau répertoire érotique",18,,,,,
MELONE,Arianna,Gianna,18,,,,,
OVIDIE,,Porno Manifesto,18,,,,,
"OVIDIE
DIGLEE",,Libres ! Manifeste pour s’affranchir des diktats sexuels,18,,,,,
"OVIDIE
DIGLEE",,Baiser après #METOO – Lettres à nos amants foireux,18,,,,,
PAGE,Martin,Au-delà de la pénétration,18,,,,,
PLA,Jüne ,Jouissance Club – Une cartographie du plaisir – Edition de luxe,18,,,,,
PRECIADO,Beatriz,Pornotopie – playboy et l’invention de la sexualité multimédia,18,,,,,
RICHARD,Emmanuelle,Les corps abstinents - « J’ai discuté avec celles et ceux qui comme moi ne font plus l’amour »,18,,,,,
ROCHE,Juno,"Queer sex – A trans and non-binary guide to intimacy, pleasure and relationships",18,,,,,
SASTRE,Peggy,No Sex – Avoir envie de ne pas faire l’amour,18,,asexualité,,,
SUNDAHL,Deborah,female ejaculation and The G-spot,18,,,,,
"TAORMINO
PARRENAS SHIMIZU
PENLEY
MILLER-YOUNG","Tristan
Celine
Constance
Mireille",The Feminist porn book – the politics of producing pleasure,18,,,,,
TORRES,Diana J.,Pornoterrorisme,18,2,,,,
ANONYMOUS BOY,anonymous boy,Anonymous Boy 7# punk homos (1998),19,,,,,
"BARKER
SCHEELE","Meg-John
Julia",Queer – A graphic History,19,,,,,
BEAR,Timmy,A bear should know better..And I do #6,19,,,,,
BECHDEL,Alison,"Dykes to watch out for - Hot, Throbbing",19,,,,,
BECHDEL,Alison,Dykes to watch out for – Great romances that never were !,19,,,,,
BECHDEL,Alison,Dykes to watch out for – More,19,,,,,
BECHDEL,Alison,"Dykes to watch out for – New, improved !",19,,,,,
BECHDEL,Alison,Dykes to watch out for – The sequel,19,,,,,
BECHDEL,Alison,Dykes to watch out for – Unnatural,19,,,,,
BECHDEL,Alison,L’essentiel des gouines à suivre,19,,,,,
BOURCIER,Sam,Homo Inc.orporated – Le triangle et la licorne qui pète,19,2,,,,
BOURCIER,Sam,Queer Zones – La trilogie,19,,,,,
BOURCIER,Sam,Sexpolitiques – Queer zone 2,19,,,,,
Brav_a,Zine,Queer-feminist teenmag numero 6,19,,,,,
COFFIN,Alice,Le génie lesbien,19,,,,,
COLLECTIF,Boyfunk,Boyfunk Manifesto,19,,,,,
COLLECTIF,butcher queer,butcher queer (summer 2018),19,,,,,
COLLECTIF,chatte frontale,chatte frontale #1,19,,,,,
COLLECTIF,demure butchness,demure butchness (1992),19,,,,,
COLLECTIF,demure butchness,demure butchness #5,19,,,,,
COLLECTIF,Femzine,Le Femzine,19,,,,,
COLLECTIF,Femzine,Le Femzine #2,19,,,,,
COLLECTIF,Going Homo,Going Homo #4 the riotous stonewall 25 issue,19,,,,,
Collectif,Hétérographe,Revue des homolittératures ou pas : Numéro 9,19,,,,,
COLLECTIF,Lesbian Avenger/justicière lesbienne,Le manuel de la justicière lesbienne,19,,,,,
COLLECTIF,Mad Kweer,Mad Kweer #1 (august 2003),19,,,,,
COLLECTIF,Plan Q,Plan Q,19,,,,,
CREWES,Eleanor,Toutes les fois ou je me suis dit…Je suis gay,19,,,,,
Dave,,How I learned to love myself and occasionally other men #1 (2003),19,,,,,
DELESSERT,Thierry,« Les homosexuels sont un danger absolu »,19,,,,,
"DESCOUTURES
DIGOIX
FASSIN
RAULT","Virginie
Marie
Eric
Wilfried",Mariages et homosexualités dans le monde – L’arrangement des normes familiales,19,,,,,
DIMASSA,Diane,Hothead Paisan – Homicidal Lesbian Terrorist,19,,,,,
DIMASSA,Diane,The revenge of Hothead Paisan – Homicidal Lesbian Terrorist,19,,,,,
FABBRI,Sandrine,La béance,19,,,,,
FAG SCHOOL,fag school,Fag #1 school,19,,,,,
FASSIN,Eric,L’inversion de la question homosexuelle,19,,,,,
FEINBERG,Leslie,In the spirit of stonewall,19,,,,,
FONTAINE,David,Avec ou sans sexe,19,,,,,
FRAPPIER et RYAN,Jean-Yves et Bill,Quand l’autre en soi grandit : les difficultés à vivre l’homosexualité à l’adolescence.,19,,,,,
Gay Liberation Front collectif,,Come out ! Selections from the radical gay liberation newspaper,19,,,,,
GENTAZ,Christophe,L’homophobie masculine : préservatif psychique de la virilité ? (1994),19,,,,,
GENTAZ,Christophe,Essai d’épistémologie de l’homophobie (1993),19,,,,,
GLICK,Elisa,Materializing Queer Desire,19,,,,,
HALPERIN,David,Que veulent les gays ?,19,,,,,
HARAWAY ,Donna,Manifeste cyborg et autres essais,19,,,,,
HUMPHREYS,Laud,Le commerce des pissotières,19,,,,,
ILGA Collectif,,Mouvements lesbiens : ruptures et alliances,19,,,,,
JOURDAIN,Eric,Les mauvais anges,19,,,,,
"JOUVET
JACQUIER
INDIA
MERTZ
MILHOVITCH
GAILLARD
ALKAN
JOSEPH
ELEGY
GOBRAIT
BROUILLETTE
ARMESTO","Emilie
Céline
Virginie d
Fanny
Refca
Anne
Judith
Rae

Nolwenn
Silvie
Carole",Immersion totale – Onze nouvelles,19,,,,,
KELLER,Andrea,Lesben Komisch,19,,,,,
LARUE,Ian,Libère-toi cyborg !,19,,,,,
LEPORI,Pierre,Sans peau,19,,,,,
LONDEIX,Pauline,Le manifeste lesbien,19,2,,,,
MANELLI,Florent,40 LGBT+ qui ont changé le monde,19,,,,,
MAROH,Julie,Le bleu est une couleur chaude,19,,,,,
MIAOJIN,Qiu,Les carnets du crocodile,19,,,,,
MULLER,Nicole,Ce qui est affreux dans l’amour,19,,,,,
"MULLER
STERNWEILER","Joachim
Andreas",Homosexuelle Manner im KY Sachsenhausen,19,,,,,
PERREAU,Bruno,"Homosexualité – Dix clés pour comprendre, vingt textes à découvrir",19,,,,,
RAMBACH,Anne et Marie,La culture gaie et lesbienne,19,,,,,
"REID
IGLESIAS","Catherine
Holly K.",Lesbian writers on their fathers,19,,,,,
ROBERTS,blue,Robert’s rules of lesbian living,19,,,,,
"SUMMERHAWK
McMAHILL
McDONALD","Barbara
Cheiron
Darren",Queer Japan,19,,,,,
"TAMAKI
VALERO-O’CONNELL","Mariko
Rosemary",Laura Dean keeps breaking up with me,19,,,,,
THE FEMME SHARKS,THE FEMME SHARKS,Femme Shark communique #1 All our holes are hungry,19,,,,,
THEVENIN,Patrick,Le petit livre rose – une anthologie,19,,,,,
TRANNYFAG,Trannyfag,Certains pédés aiment la chatte,19,,,,,
WANG,Jackie,On being hard femme #1,19,,,,,
WITTIG,Monique,La pensée straight,19,,,,,
YAMAJI,Ebine,Indigo Blue,19,,,,,
YAMAJI,Ebine,Love my life,19,,,,,
YAMAJI,Ebine,Lovin Baby,19,,,,,
"ALTAMIMI
DOR
GUÉNIF-SOUILAMAS","Manal
Tal
Nacira",Rencontres radicales – Pour des dialogues féministes décoloniaux,20,,,,,
BATUMIKE,Cikuru,femmes d’Afrique et des Antilles en suisse,20,,,,,
COLLECTIF,Queerasse,Queerasse #1 queer & décoloniale resistance,20,,,,,
DAVIS,Angela,Une lutte sans trêve,20,,,,,
ELTAHAWY,Mona,Fuck le patriarcat ! Les 7 péchés pour prendre le pouvoir,20,,,,,
EVARISTO,Bernadine,"Fille, femme, autre",20,,,,,
F.SAAD,Layla,"Moi et la suprématie blanche – Reconnaître ses privilèges, combattre le racisme et changer le monde",20,,,,,
HOOKS,bell,El feminismo es para todo el mundo,20,,,,,
KHAN,Mariam (ed),"It’s not about the burqa – Muslim women on faith, feminism, sexuality and race",20,,,,,
LORDE,Audre,ZAMI une nouvelle façon d’écrire mon nom,20,,,,,
NGOZO ADICHIE,Chimamanda,We should all be feminist,20,,,,,
ROJAS,"Maythee, PhD",Woman of color and feminism,20,,,,,
VERGÈS,Françoise,Un féminisme décolonial,20,,,,,
"ALBISTUR
ARMOGATHE","Maïté
Daniel",Histoire du féminisme français du moyen âge à nos jours,21,,,,,
"APP
FAURE-FRAISSE
FRAENKEL
RAUZIER","Corinne
Anne-Marie
Béatrice
Lydie",40 ans de slogans féministes 1970/2010,21,,,,,
"BERENI
REVILLARD
CHAUVIN
JAUNAIT","Laure
Anne
Sébastien
Alexandre",Introduction aux Gender Studies – Manuel des études sur le genre,21,,,,,
CAHIERS DU GRIF,revue,Les femmes et la politique,21,,,,,
"CHAPONNIÈRE
RICCI LEMPEN","Martine
Silvia",Tu vois le genre ? Débats féministes contemporains,21,,,,,
"COMITÉ POUR L’ÉGALITÉ ENTRE FEMMES ET LES HOMMES
COMITÉ DIRECTEUR SUR LES MOYENS DE COMMUNICATION DE MASSE","RAPPORT
Conséil de l’Europe",Actes du séminaire sur la contribution des médias à la promotion de l’égalité entre les femmes et les hommes,21,,,,,
"DALLA COSTA
JAMES","Mariarosa
Selma",Le pouvoir des femmes et la subversion sociale,21,,,,,
DELAGE,Pauline,"Droits des femmes, tout peut disparaître",21,,,,,
DIVERS,collectif,Les femmes s’entêtent,21,,,,,
DIVERS,,The Suffragettes,21,,,,,
DOWLING,Colette,Le complexe de cendrillon,21,,,,,
FLEMING,Jacky,Le problème avec les femmes,21,,,,,
"FLEXNER
FITZPATRICK","Eleanor
Ellen",Century of struggle – The woman’s rights movement in the United States,21,,,,,
GOUGES (DE),Olympe,Lettre au peuple et autres textes ,21,,,,,
GOURD,Emilie,Femmes Suisses au service de la patrie,21,,,,,
GOYET,Mara,Le féminisme : raconté en famille,21,,,,,
"GUBIN (dir.)
JACQUES
ROCHEFORT
STUDER
THÉBAUD
ZANCARINI-FOURNEL","Eliane
Catherine
Florence
Brigitte
Françoise
Michelle",Le siècle des féminismes,21,,,,,
GUYARD,Alain,"22 leçons de philosophie par et pour les mauvaises filles, les goudous, les travelos, les couires, les petits pédés et les grandes folles",21,,,,,
HARTLEY,Jenny,Millions like us : British women’s fiction of the Second World War,21,,,,,
"HELWERTH
SCHWARZ","Ulrike
Gislinde",Von Muttis und Emanzen – Feministinnen in Ost- und Westdeutschland,21,,,,,
"HIRATA (dir.)
LABORIE
LE DOARÉ
SENOTIER","Helena
Françoise
Hélène
Danièle",Dictionnaire critique du féminisme,21,,,,,
HOLLOWS,Joanne,"Feminism, femininity and popular culture",21,,,,,
HUSTON,Nancy,Reflets dans un œil d’homme,21,,,,,
"JORIS (dir.)
WITZIG (dir.)
ALT
ANDEREGG
BLOSSER
BUCHELI
CHIQUET
HUBER
JORIS
PRODOLLIET
SUTTER
ULRICH
WITZIG","Elisabeth
Heidi
Marianne
Susanne
Ursi
Monika
Simone
Doris
Elisabeth
Simone
Eva
Anita
Heidi",Frauengeschichte(n) – Dokumente aus zwei Jahrhunderten zur Situation der Frauen in der Schweiz,21,,,,,
"KIRSCHEN
GOGUSEY","Marie
Anna Wanda",Herstory – Histoire(s) des féminismes,21,,,,,
MACCIOCCHI,Maria,Les femmes et leurs maîtres,21,,,,,
MARUANI (dir.),Margaret,"Femmes, genre et sociétés – l’état des savoirs",21,,,,,
MATHIEU,Nicole-Claude,L’Anatomie politique,21,,,,,
MELCHIOR-BONNET,Sabine,Le rire des femmes – une histoire de pouvoir,21,,,,,
"MÖHRMANN (dir.)
LEWALD
MÜHLBACH
VON MEYSENBURG
OTTO-PETERS
DITTMAR
ANNEKE
ASTON
HAHN-HAHN","Renate
Fanny
Luise
Malvida
Louise
Louise
Mathilde
Louise
Ida
",Frauenemanzipation im deutschen Vormärz – Texte und Dokumente,21,,,,,
NAIL,Isabelle,Ombre – Le mal fait aux femmes,21,,,,,
PARINI,Lorena,Le système de genre – Introduction aux concepts et théories,21,,,,,
POWER,Eileen,Les femmes au Moyen Age,21,,,,,
POWER,Nina,La femme unidimensionnelle,21,,,,,
"RACINE (dir.)
TREBITSCH","Nicole
Michel",Intellectuelles – Du genre en histoire des intellectuels,21,,,,,
ANGELOU,Maya,Un billet d’avion pour l’Afrique,22,,,,,
ANGELOU,Maya,Un billet d’avion pour l’Afrique,22,,,,,
ANGELOU,Maya,Rassemblez-vous en mon nom,22,,,,,
ANGELOU,Maya,Tant que je serai noire,22,,,,,
AZEMA,Lucie,Les femmes aussi sont du voyage – L’émancipation par le départ,22,,,,,
BAEZ,Jaon,Le lever du jour,22,,,,,
BALZERANI,Barbara,Camarade Lune,22,,,,,
BARKI,Irene,Pour ces yeux-là : la face cachée du drame argentin – Les enfants disparus,22,,,,,
BAUER,Josette,Une femme en cavale,22,,,,,
"BEAUMONT
PARINAUD","Germaine
André",Colette,22,,,,,
BECHDEL,Alison,Fun Home – Une tragicomédie familiale,22,,,,,
"BEMON
BOUDET","Jimmy
Émilie",Superman n’est pas juif (...et moi un peu),22,,,,,
BERTEAUT,Simone,Piaf,22,,,,,
BLACKBURN,Julia,Lady in satin – Billie Holiday – Portrait d’une diva par ses intimes,22,2(1 dans soins et 1 dans Gynécologie parentalité),,,,
BLOCH-DANO,Évelyne,Madame Proust,22,,,,,
"BOCQUET
MULLER","José-Louis
Catel",Joséphine Baker,22,,,,,
"BOCQUET
MULLER","José-Louis
Catel",Olympe de Gouges,22,,,,,
"BOCQUET
MULLER","José-Louis
Catel",Kiki de Montparnasse,22,,,,,
BRUDER,Jessica,Nomadland,22,,,,,
BRUNSWIC,Anne,SIBERIE - Un voyage au pays des Femmes (chroniques),22,,,,,
CAUSSE ET VEZINET,Rolande et Nane,Rebelles,22,,,,,
CHENU ET MONROY,Audrey et Catherine,Girl Fight,22,,,,,
CISSOKO & DESPLECHIN,Aya & Marie,Danbé,22,,,,,
COLLECTIF,,"Les nouvelles femmes, Préface de Benoîte Groult",22,,,,,
COTLENKO,Mila,"Maria Nikiforova -La révolution sans attendre, L’épopée d’une anarchiste à travers l’Ukraine (1885-1919)",22,,,,,
CUBLIER,Anne,Indira Gandhi,22,,,,,
CURIE,Eve,Madame Curie,22,,,,,
DARNZIK,Jasmin,L’oiseau captif,22,,,,,
DEGOUMOIS,Valy,"Ainsi furent-elles, Destins au féminin",22,,,,,
DELIBEE,Anne,Une femme,22,2 (livre de poche et un « Presse de la renaissance »),,,,
DELPORTE,Julie,moi aussi je voulais l’emporter,22,,,,,
DERIEX,Suzanne,Les sept vies de Louise Croisier née à Moraz,22,,,,,
DESFORGES ET ABAUZIT,Régine et Manon,Les filles du cahier volé,22,,,,,
EBEL,Louise,Excessives ! Destins de femmes incroyables au XIXème siècle,22,,,,,
"EL MAKKI
GRILLET","Laura
Pierre",Les incomprises,22,,,,,
FAVRE,Adeline,"Moi, Adeline, accoucheuse",22,,,,,
FEINBERG,Leslie,Stone Butch Blues,22,3,,,,
FELDMANN,Christian,Hildegard von Bingen,22,,,,,
FORTUN ,Elena,Oculto sendero,22,,,,,
GALANAKI,Rhéa,"Éléni, ou personne",22,,,,,
GALVAO,Patricia (Pagu),Matérialisme & zones érogènes – Autobiographie précoce,22,,,,,
"GAZSI
KESTENBERG
GOMARGU
GAYET","Mélina
Suzanne
.
Julie",Elles ont été les premières ! 100 femmes exceptionnelles,22,,,,,
GENNARI,Geneviève,"J’avais vingt ans, Journal 1940-1945",22,,,,,
GIROUD,Françoise,Une femme honorable,22,,,,,
GOLDMAN,Emma,Vivre ma vie,22,,,,,
GOLDMAN,Emma,"L’épopée d’une anarchiste, New York 1886- Moscou 1920",22,,,,,
GROULT,Benoîte,Mon évasion,22,,,,,
GROULT,Benoîte,ainsi soit Olympe de Gouges,22,,,,,
HARJO,Joy,Crazy Brave,22,,,,,
hib & Zika,,OFF THE MAP - tribulations de deux anarchistes,22,2,,,,
IAROSLAVSKAÏA-MARKON,Evguénia,Révoltée,22,,,,,
JACOBS,Harriet,Incidents in the life of a slave girl,22,,,,,
"KITAISKAIA
HORAN","Taisia
Katy","Les sorcières de la littérature – 30 écrivaines aux pouvoirs extraordinaires
(préface de Chloé Delaume)",22,,,,,
MACLANE,Mary,Que le diable m’emporte,22,,,,,
NEDJMA,,L’amande,22,,,,,
Syndicat des employées de maison du Cusco,,On demande une bonne – Se necesita muchacha,22,,,,,
THOMAS,Chantal,"La reine scélérate, Marie Antoinette dans les pamphlets",22,,,,,
"TITEUX DE LA CROIX
","Sibylle
Amazing Ameziane",Miss Davis - la vie et les combats d’Angela Davis,22,,,,,
Z’GRAGGEN,Yvette,Mémoires d’elles,22,,,,,
ZIADÉ,Lamia,"Mon port de Beyrouth – C’est une malédiction, ton pauvre pays !",22,,,,,
BALLAST,Revue,"N° 7 Tenir Tête, fédérer, amorcer",23,,,,,
Collectif,Revue,La déferlante n°1 – La revue des révolutions féministes – Dossier : Naître : aux origines du genre / Las tesis : Ces chiliennes qui chantent et dansent contre le viol / Audre Lorde : Nommer pour exister / Annie Ernaux & Céline Schiamma : Rencontre de deux combattantes,23,,,,,
GEORGE,Revue,N° 0 (mars 2010),23,,,,,
GEORGE,Revue,N° 1 (août 2010),23,,,,,
GEORGE,Revue,N° 2 (décembre 2010),23,,,,,
GEORGE,Revue,N° 3 (mars-juin 2011),23,,,,,
GEORGE,Revue,N° 4 (juin-octobre 2011),23,,,,,
GEORGE,Revue,N° 5 (novembre 2011-mars 2012),23,,,,,
GEORGE,Revue,N° 6 (printemps-été 2012),23,2(1 de 2001 et 1 de 2005),,,,
GEORGE,Revue,N° 7 (automne-hiver 12/13),23,,,,,
GEORGE,Revue,N° 8 (automne-hiver 2013),23,,,,,
HETEROGRAPHE,Revue,Numéro 2,23,,,,,
HETEROGRAPHE,Revue,Numéro 6 : numéro spécial enfance,23,,,,,
HETEROGRAPHE,Revue,Numéro 7,23,,,,,
HETEROGRAPHE,Revue,Numéro 8 : numéro spécial migrations,23,,,,,
HETEROGRAPHE,Revue,Numéro 9,23,,,,,
HETEROGRAPHE,Revue,Numéro spécial : A poil et à plumes,23,,,,,
L’ÉMILIE,Revue,N° 1516 – Comment sortir de la « bonne mère » : mauvaises mères et parentalité,23,,,,,
L’ÉMILIE,Revue,N° 1517 – Orientation et parcours scolaire : le poid des stéréotypes,23,,,,,
L’ÉMILIE,Revue,N° 1519 -Traite des femmes,23,,,,,
L’ÉMILIE,Revue,N° 1520 – La deuxième vague,23,,,,,
L’ÉMILIE,Revue,N° 1521 – Vivre en ville,23,,,,,
L’ÉMILIE,Revue,N° 1522 – Migrantes en Hélvétie,23,,,,,
L’ÉMILIE,Revue,"N° 1523 – Le mexique, un pays de contrastes",23,,,,,
L’ÉMILIE,Revue,N° 1524 – Femmes et nouvelles technologie,23,,,,,
L’ÉMILIE,Revue,N° 1527 – Black feminism / voyage en altérité,23,,,,,
NOUVELLES QUESTIONS FÉMINISTES,Revue,Volume 14 – n°4 (1994) / L’affaire Hill-Thomas et l’identité nationale française,23,,,,,
NOUVELLES QUESTIONS FÉMINISTES,Revue,Volume 16-17-18 (1991) / Particularisme & universalisme,23,,,,,
NOUVELLES QUESTIONS FÉMINISTES,Revue,Volume 21 – n°1 (2002) / NQF change !,23,,,,,
NOUVELLES QUESTIONS FÉMINISTES,Revue,Volume 21 – n°1 (2002) / NQF change !,23,,,,,
NOUVELLES QUESTIONS FÉMINISTES,Revue,Volume 21 – n°2 (2002) / Garde parentale – Prostitution,23,,,,,
NOUVELLES QUESTIONS FÉMINISTES,Revue,Volume 21 – n°3 (2002) / Les répertoires du masculin,23,,,,,
NOUVELLES QUESTIONS FÉMINISTES,Revue,Volume 22 – n°1 (2003) / In/discipline : La volonté de faire science ?,23,,,,,
NOUVELLES QUESTIONS FÉMINISTES,Revue,Volume 22 – n°2 (2003) / Féminisme et littérature,23,,,,,
NOUVELLES QUESTIONS FÉMINISTES,Revue,Volume 22 – n°3 (2003) / À contresens de l’égalité,23,,,,,
NOUVELLES QUESTIONS FÉMINISTES,Revue,Volume 23 – n°1 (2004) / Les disciplines en jeu,23,,,,,
NOUVELLES QUESTIONS FÉMINISTES,Revue,Volume 23 – n°2 (2004) / Postcommunisme : Genre et États en transition,23,,,,,
NOUVELLES QUESTIONS FÉMINISTES,Revue,Volume 23 – n°3 (2004) / Famille – Travail : une perspective radicale,23,,,,,
NOUVELLES QUESTIONS FÉMINISTES,Revue,"Volume 24 – n°1 (2005) / Machine, machin, truc, chose : pour du féminisme avec objets",23,,,,,
NOUVELLES QUESTIONS FÉMINISTES,Revue,Volume 26 – n°2 (2007) / Perspectives féministes en sciences économiques,23,,,,,
NOUVELLES QUESTIONS FÉMINISTES,Revue,Volume 26 – n°3 (2007) / Parité linguistique,23,,,,,
NOUVELLES QUESTIONS FÉMINISTES,Revue,Volume 27 – n°2 (2008) / L’ambivalence du travail : entre exploitation et émancipation,23,,,,,
NOUVELLES QUESTIONS FÉMINISTES,Revue,Volume 27 – n°2 (2008) / L’ambivalence du travail : entre exploitation et émancipation,23,,,,,
NOUVELLES QUESTIONS FÉMINISTES,Revue,Volume 28 – n°2 (2009) / Le droit à l’épreuve du genre : les lois du genre (I),23,,,,,
NOUVELLES QUESTIONS FÉMINISTES,Revue,Volume 28 – n°3 (2009) / Théories anglophones du genre,23,,,,,
NOUVELLES QUESTIONS FÉMINISTES,Revue,Volume 29 – n°1 (2010) / Quand les mouvements féministes font (avec) la loi : les lois du genre (II),23,,,,,
NOUVELLES QUESTIONS FÉMINISTES,Revue,Volume 29 – n°2 (2010) / Perspectives féministes en éducation,23,,,,,
NOUVELLES QUESTIONS FÉMINISTES,Revue,Volume 29 – n°3 (2010) / La sexualité des femmes : le plaisir contraint,23,,,,,
NOUVELLES QUESTIONS FÉMINISTES,Revue,Volume 29 – n°3 (2010) / La sexualité des femmes : le plaisir contraint,23,,,,,
NOUVELLES QUESTIONS FÉMINISTES,Revue,Volume 30 – n°1 (2011) / La production d’enfants,23,,,,,
NOUVELLES QUESTIONS FÉMINISTES,Revue,Volume 30 – n°2 (2011) / Amies,23,,,,,
NOUVELLES QUESTIONS FÉMINISTES,Revue,Volume 31 – n°1 (2012) / Homophobie,23,,,,,
NOUVELLES QUESTIONS FÉMINISTES,Revue,Volume 31 – n°2 (2012) / Métiers de service,23,,,,,
NOUVELLES QUESTIONS FÉMINISTES,Revue,Volume 32 – n°1 (2013) / Violences contre les femmes,23,,,,,
NOUVELLES QUESTIONS FÉMINISTES,Revue,Volume 36 – n°1 (2017) / Nouvelles formes de militantisme féministe (I),23,,,,,
NOUVELLES QUESTIONS FÉMINISTES,Revue,Volume 37 – n°1 (2018) / Solidarités familiales ?,23,,,,,
NOUVELLES QUESTIONS FÉMINISTES,Revue,Volume 27 – n°1 (2008) / A qui appartiennent nos corps ? Féminisme et luttes intersexes,23,,,,,
RESIST,Revue,GRAB BACK !,23,,,,,
Revue,collectif,"BALLAST 9 – Tenir tête, fédérer, amorcer",23,,,,,
Revue,,Usure presse numéro 1,23,,,,,
REVUE Z,Revue,N° 10 Marseille – Bonnes femmes mauvais genre,23,,,,,
REVUE Z,Revue,N° 12 Guyane – Trésors et conquêtes,23,,,,,
SOMA,Revue,N° 1514 – Quartier femme,23,,,,,
TIMULT,Revue,N° 10 (mars 2018),23,9,,,,
TIMULT,Revue,N° 6 (septembre 2012),23,,,,,
TIMULT,Revue,N° 7 (septembre 2013),23,,,,,
TIMULT,Revue,N° 8 (septembre 2014),23,2,,,,
TIMULT,Revue,N° 9 (mars 2016),23,,,,,
Z ,Revue,"Numéro 7 : Thessalonique, Grèce",23,,,,,
ALDECOA,Josefina R.,La fuerza del destino,24,,,,,
ALDECOA,Josefina R.,Mujeres de negro,24,,,,,
ALLENDE,Isabel,Portrait sépia,24,,,,,
ALLENDE,Isabel,L’île sous la mer,24,,,,,
ALLENDE,Isabel ,Eva Luna,24,,,,,
ALLER,Diana,Conos como el de la Marta,24,,,,,
ALMODOVAR,Pedro,Patty Diphusa – La Venus des lavabos,24,,,,,
ANGELOU,Maya,I know why the caged bird sings,24,,,,,
ANSORGE,Gisèle,Prendre d’aimer,24,,,,,
ARISTOPHANE,,Lysistrata,24,,,,,
ARIYOSHI,Sawako,Les dames de Kimoto,24,,,,,
ATELIERS DE L’ANTÉMONDE,,Bâtir aussi,24,,,,,
ATWOOD,Margaret,The Blind Assassin,24,,,,,
AZZEDDINE,Saphia,Bilgiss,24,,,,,
AZZEDDINE,Saphia,Confidences à Allah,24,,,,,
BA,Mariama,Der scharlachrote Gesang,24,2,,,,
BA,Mariama,Une si longue lettre,24,,,,,
BALDWIN,James,La chambre de Giovanni,24,,,,,
BALDWIN,James,"La prochaine fois, le feu",24,,,,,
BALDWIN,James,Si Beale Street pouvait parler,24,,,,,
BARBERY,Muriel,L’élégance du hérisson,24,,,,,
BEAUVOIR ,Simone de,La femme rompue,24,,,,,
BEAUVOIR ,Simone de,La femme rompue – L’age de discrétion - Monologue,24,,,,,
BEAUVOIR ,Simone de,Les belles images,24,,,,,
BEAUVOIR ,Simone de,Tous les hommes sont mortels,24,,,,,
BEAUVOIR ,Simone de,Une mort très douce,24,,,,,
BELLI,Gioconda,La mujer habitada,24,,,,,
BEYALA,Calixthe,C’est le soleil qui m’a brûlée,24,,,,,
BILLE,Corinna S.,Théoda,24,,,,,
BOURAOUI,Nina,Mes mauvaises pensées,24,,,,,
BRAGANCE,Anne,D’un pas tranquille,24,,,,,
BRAITHWAITE,Oyinkan,Ma sœur serial killer,24,,,,,
BRANTENBERG,Gerd,Egalia’s daughters – A satire of the sexes,24,,,,,
BRONTE,Charlotte,Jane Eyre,24,,,,,
BUTLER,Octavia E.,Blood child,24,,,,,
BUTLER,Octavia E.,La parabole du semeur,24,,,,,
BUTLER,Octavia E.,Liens de sang,24,,,,,
CABEZON CAMARA,Gabriela,Pleines de grâce,24,,,,,
CABEZON CAMARA,Gabriela,Les aventures de China Iron,24,,,,,
CARDINAL,Marie,La clé sur la porte,24,,,,,
CARLES,Émilie,Une soupe aux herbes sauvages,24,,,,,
CAROL OATES,Joyce,Le pays des merveilles,24,,,,,
CARTER,Angela,La compagnie des loups,24,,,,,
CARTER,Angela,The passion of new eve,24,,,,,
CASSADY,Carolyn,Sur ma route,24,,,,,
CASTELLANOS,Rosario,Cours de cuisine,24,,,,,
CHAMBERS,Becky,"Apprendre, si par bonheur",24,,,,,
CHASE-RIBOUD,Barbara,Venus Hottentote,24,2,,,,
CIXOUS,Hélène,Souffles,24,,,,,
COLETTE,,La vagabonde,24,,,,,
Collectif,,The lifted veil – Women’s 19th century stories,24,,,,,
COMBE,T.,Comment son  patron tuait les anarchistes,24,,,,,
CONDE,Maryse,Moi Tituba sorcière,24,,,,,
CONDE,Maryse,Unterden Mangroven,24,,,,,
COXON,Ann,Louise Bourgeois,24,,,,,
CREVOISIER,Benoîte,Le miroir aux alouettes,24,,,,,
CROWDAGGER,Lizzie,Une autobiographie transsexuelle (avec des vampires),24,,,,,
DECK,Julia,Viviane Elisabeth Fauville,24,,,,,
DEFORGES,Régine,La révolte des nonnes,24,,,,,
DELARUE-MARDRUS,Lucie,Des battements de coeur,24,,,,,
DELORME,Wendy,"La mère, la sainte et la putain",24,,,,,
DELORME,Wendy,Le corps est une chimère,24,,,,,
DELORME,Wendy,Quatrième génération,24,,,,,
DERIEX,Suzanne,Les sept vies de Louise Croisier née Moraz – tome 1,24,2 (1 l’age d’homme et 1 L’aire),,,,
DESPENTES,Virginie,Apocalypse Bébé,24,,,,,
DESPENTES,Virginie,Baise-moi,24,,,,,
DESPENTES,Virginie,Bye bye Blondie,24,,,,,
DESPENTES,Virginie,Les jolies choses,24,,,,,
DESPENTES,Virginie,Mordre au travers,24,,,,,
DESPENTES,Virginie,Vernon Subutex 1,24,,,,,
DESPENTES,Virginie,Vernon Subutex 2,24,2 (1 Poche et 1 Grasset),,,,
DESPENTES,Virginie,Vernon Subutex 3,24,,,,,
DESPENTES,Virginie,Mordre à travers,24,,,,,
DESPLECHIN,Marie,Satin grenadine,24,,,,,
DIMOVA,Théodora,Mères,24,,,,,
DIOME,Fatou,Celles qui attendent,24,2,,,,
DIOME,Fatou,Le ventre de l’Atlantique,24,,,,,
DOLEYRES,Suzy,Fin d’éclipse,24,,,,,
DURAS,Marguerite,Des journées entières dans les arbres,24,,,,,
EDUARDO AGUALUSA,José,Théorie générale de l’oubli,24,,,,,
EGGLI,Ursula,Fortschritt in Grimmsland,24,,,,,
EL-CHEIKH,Hanan,Femmes de sable et de myrrhe,24,,,,,
EL-CHEIKH,Hanan,Toute une histoire,24,,,,,
EMECHETA,Buchi,Citoyen de seconde zone,24,,,,,
ERNAUX,Annie,La place,24,2,,,,
FARAH,Nuruddin,Née de la cote d Adam,24,,,,,
FAVIER,Emmanuelle,Le courage qu’il faut aux rivières,24,,,,,
FELICITAS JAIME,Maria,Cris & Cris,24,,,,,
FERNEY,Alice,L’élégance des veuves,24,,,,,
FERRANTE,Elena,La vie mensongère des adultes,24,,,,,
FERRANTE,Elena,L’amie prodigieuse,24,,,,,
FERRANTE,Elena,L’amie prodigieuse II – Le nouveau nom,24,,,,,
FERRIS,Emil,"Moi, ce que j’aime, c’est les monstres",24,,,,,
FERRIS,Emil,"Moi, ce que j’aime, c’est les monstres – édition limitée créature // RESTE ICI",24,,,,,
FLEUVE,Emile,Les tricoteuses,24,,,,,
FORNA,Aminata,Les Jardins des femmes,24,,,,,
FRANÇOIS,Jocelyne,Les Amantes,24,,,,,
FRENCH,Marilyn,The women’s room,24,,,,,
GAIMAN,Neil,The sleeper and the spindle,24,,,,,
GALANAKI,Rhéa,L’ultime humiliation,24,,,,,
GENNARI,Geneviève,Journal d’une bourgeoise,24,,,,,
GERMAIN,Sylvie,L’enfant méduse,24,,,,,
GROBETY,Anne-lise,Zéro positif,24,,,,,
GROULT,Benoîte,Ainsi soit-elle,24,,,,,
GROULT,Benoîte,La part des choses,24,,,,,
GROULT,Benoîte,La touche étoile,24,,,,,
GROULT,Benoîte,Wie Die Freiheit zu den Frauen kam,24,,,,,
GROULT,Benoîte et Flora,Il était deux fois…,24,,,,,
GROULT,Flora,Le passé infini,24,,,,,
GROULT,Flora,Maxime ou la déchirure,24,,,,,
GROULT,Flora,"Ni tout à fait la même, ni tout à fait une autre",24,,,,,
GROULT,Flora,"Un seul ennui, les jours raccourcissent",24,,,,,
GUINAND,Julie,Survivante,24,,,,,
GUINAND,Julie,Hors-la-loi,24,,,,,
GÜSTIN,Jo,9 Histoire Lumineuse ou le bien est le mal,24,,,,,
HADDAD,Joumana,Le livre des reines,24,,,,,
HARPMAN,Jacqueline,Moi qui n’ai pas connu les hommes,24,,,,,
HASHIMI,Nadia,La perle et la coquille,24,,,,,
HOSSEINI,Khaled,The kite runner,24,,,,,
HUSTON,Nancy,Lignes de failles,24,,,,,
HUSTON,Nancy,Sensations fortes,24,,,,,
IAKHINA,Gouzel,Zhouleika ouvre les yeux,24,,,,,
JEMISIN,N.K,The fifth season,24,,,,,
JONES,Tayari,Un mariage américain,24,,,,,
KENNEDY,A.L,Paradis,24,,,,,
KINGSOLVER,Barbara,Un autre monde,24,,,,,
KORNELIUSSEN,Niviak,Homo Sapienne,24,,,,,
KRISTOF,Agota,Hier,24,,,,,
KRISTOF,Agota,Le grand cahier,24,,,,,
KUHN,Monika,Marchen von starken Frauen,24,,,,,
KUTHY SALVI,Brigitte,Double lumière,24,,,,,
KUTTEL,Mireille,La Pérégrine,24,,,,,
LAFON,Lola,Chavirer,24,,,,,
LE GUIN,Ursula K.,Contes de Terremer,24,,,,,
LE GUIN,Ursula K.,Le cycle de Hain : La main gauche de la nuit,24,2 (1 Poche 2008 et 1 poche 2018),,,,
LE GUIN,Ursula K.,Le cycle de Hain : Les dépossédés,24,,,,,
LE GUIN,Ursula K.,Tehanu,24,,,,,
LE GUIN,Ursula K.,Terremer,24,,,,,
LE GUIN,Ursula K.,Le cycle de Hain : La cité des illusions,24,,,,,
LE GUIN,Ursula K.,Le cycle de Hain : Le dit d’Aka suivi de Le nom du monde est forêt,24,,,,,
LE GUIN,Ursula K.,L’autre côté du rêve,24,,,,,
LE GUIN,Ursula K.,L’effet churten,24,,,,,
LE GUIN,Ursula K.,Le cycle de Hain : Le monde de Rocannon,24,,,,,
LE GUIN,Ursula K.,Le cycle de Hain : Planète d’exil,24,,,,,
LECLERC,Annie,Épousailles,24,2 (1 Poche et 1 Grasset),,,,
LEDUC,Violette,L’affamée,24,,,,,
LEDUC,Violette,La bâtarde,24,2,,,,
LESSING,Doris,"L’amour, encore",24,,,,,
LESSING,Doris,L’écho lointain de l’orage – Les enfants de la violence – tome 2,24,,,,,
LESSING,Doris,La cité promise – les enfants de la violence – tome 3,24,,,,,
LESSING,Doris,Le carnet d’or,24,,,,,
LESSING,Doris,Les carnets de Jane Somers // Journal d’une voisine,24,,,,,
LESSING,Doris,Les enfants de la violence – tome 1,24,,,,,
LESSING ,Doris,Le cinquième enfant,24,,,,,
LIEFFE,Otter,Conserve and control,24,,,,,
LIEFFE,Otter,Margins and murmurations,24,,,,,
LIEFFE,Otter,Dignity,24,,,,,
MALLET-JORIS,Françoise,Allegra,24,,,,,
MALLET-JORIS,Françoise,La maison de papier,24,,,,,
MANSFIELD,Katherine,L’aloès,24,,,,,
MARTINEZ,Carole,Du domaine des Murmures,24,,,,,
MARTINEZ,Carole,Le cœur cousu,24,,,,,
MASINI,Béatrice,L’aquarelliste,24,,,,,
MESSINA,Maria,La maison dans l’impasse,24,,,,,
MIANO,Leonora,Crépuscule du tourment,24,,,,,
MIANO,Leonora,La saison de l’ombre,24,2 (1 Pocket et 1 Grasset),,,,
MIANO,Leonora,Tels des astres éteints,24,,,,,
MIRALLES,Dunia,Folmagories,24,,,,,
MIRALLES,Dunia,Inertie,24,2,,,,
MIRALLES,Dunia,Swiss Trash,24,,,,,
MOKEDDEM,Malika,Les hommes qui marchent,24,,,,,
MONFERRAND,Hélène de.,Journal de Suzanne,24,,,,,
MONFERRAND,Hélène de.,Les amies d’Héloïse,24,,,,,
MONFERRAND,Hélène de.,Les enfants d’Héloïse,24,,,,,
MORRISON,Toni,A mercy,24,,,,,
MORRISON,Toni,L’œil le plus bleu,24,,,,,
MORRISON,Toni,Paradis,24,,,,,
MORRISON,Toni,The Bluest eye,24,2,,,,
MORRISON,Toni,Un don,24,,,,,
MOUAWAD,Wajdi,Incendies – Le sang des promesses / 2,24,,,,,
MOUAWAD,Wajdi,Visage retrouvé,24,,,,,
MOUAWAD,Wajdi,Ciels – Le sang des promesses /4,24,,,,,
MOUAWAD,Wajdi,Littoral – Le sang des promesse /1,24,,,,,
MOUAWAD,Wajdi,Forêts – Le sang des promesse /3,24,,,,,
MOUAWAD,Wajdi,Tous des oiseaux,24,,,,,
MOYA,Elena,Los Olivos de Belchite,24,,,,,
MUNRO,Alice,Fugitives,24,,,,,
MUNRO,Alice,Les lunes de Jupiter,24,,,,,
MUNRO,Alice,Trop de bonheur,24,,,,,
NAVAI,Ramita,Vivre et mentir à Téhéran,24,,,,,
NDEBELE,Njabulo,Le lamento de Winnie Mandela,24,,,,,
NDIAYE,Marie,Trois femmes puissantes,24,,,,,
NDIAYE,Marie,Ladivine,24,,,,,
NGOZI ADICHIE,Chimamanda,Americanah,24,,,,,
NGOZI ADICHIE,Chimamanda,The thing around your neck,24,,,,,
NGOZI ADICHIE,Chimamanda,L’autre moitié du soleil,24,,,,,
NOTHOMB,Amélie,Biographie de la faim,24,,,,,
NOTHOMB,Amélie,Métaphysique des tubes,24,,,,,
OKORAFOR,Nnedi,Qui a peur de la mort ?,24,2,,,,
OKSANEN,Sofi,Purge,24,,,,,
ORBAN,Christine,Avec le corps qu’elle a…,24,,,,,
OVALDE,Véronique,Ce que je sais de Vera Candida,24,,,,,
OVALDE,Véronique,Des vies d’oiseaux,24,,,,,
OVALDE,Véronique,Le sommeil des poissons,24,,,,,
PELLEGRINO,Bruno,Électrocuter une éléphante,24,,,,,
PIRZÂD,Zoyâ,On s’y fera,24,,,,,
POULAIN,Catherine,Le grand marin,24,,,,,
PROKOPAKI,Chryssoxéni,Long manteau blanc,24,,,,,
PROVIS,Martine,La soupe aux cailloux,24,,,,,
Rahimi,Atiq,"Syngué sabour, pierre de patience",24,,,,,
REZA,Yasmina,Heureux les heureux,24,,,,,
RICCI LEMPEN,Silvia,Ne neige-t-il pas aussi blanc chaque hiver ?,24,,,,,
RIVAZ,Alice,Nuages dans la main,24,,,,,
"RYTER
GRUTTER","
Karin",Starker als ihr denkt,24,,,,,
SAGAN,Françoise,Un sang d’aquarelle,24,,,,,
SALVAYRE,Lydie,Pas pleurer,24,,,,,
SAPIENZA,Goliarda,L’art de la joie,24,,,,,
SAPPHIRE,,Push,24,,,,,
SCHWARZ-BART,Simone,Pluie et vent sur Télumée Miracle,24,,,,,
SCHWARZENBACH,Annemarie,Le refuge des cimes,24,,,,,
SCHWARZENBACH,Annemarie,Les amies de Bernhard,24,,,,,
SCHWARZENBACH,Annemarie,Nouvelle lyrique,24,,,,,
SCHWARZENBACH,Annemarie,Voir une femme,24,,,,,
SCOTT,Ann,Superstars,24,,,,,
SEIGNE,Aude,Chroniques de l’occident nomade,24,,,,,
SHAFAK,Elif,La bâtarde d’Istanbul,24,,,,,
SHAFAK,Elif,10 minutes et 38 secondes dans ce monde étrange,24,,,,,
SHAFAK,Elif,Unerhörte Stimmen ,24,,,,,
SLIMANI,Leila,Chanson douce,24,2,,,,
SMITH,Zadie,Swing Time,24,,,,,
SOMERS,Armonia,La femme nue,24,,,,,
SOSA VILLADA,Camila,Les vilaines,24,,,,,
SOW FALL,Aminata,Le Jujubier du patriarche,24,,,,,
SPRENGER,Anne-Sylvie,Vorace,24,,,,,
stimmen ,Elif,"Soufi, mon amour",24,,,,,
stimmer,Elif,Crime d’honneur,24,2,,,,
STOCKETT,Kathryn,La couleur des sentiments,24,,,,,
SUBILIA,Anne-Sophie,Qui-vive,24,,,,,
TEMPEST,Kae,Écoute la ville tomber,24,,,,,
TIBULEAC,Tatiana,Le jardin de verre,24,,,,,
UMWEG,Karlas,Hera Lind,24,,,,,
URIBE,Arelis,Les Bâtardes,24,,,,,
VALDES,Zoé,Louves de mer,24,,,,,
VERNA,Loretta,Mille traverses,24,,,,,
WALKER,Alice,Die Farbe Lila ,24,,,,,
WALKER,Alice,The color purple,24,,,,,
WATERS,Sarah,Derrière la porte,24,,,,,
WATERS,Sarah,Du bout des doigts,24,2,,,,
WEIL,Simone,La pesanteur ou la grâce,24,,,,,
WÉRY,Isabelle,Poney Flottant,24,,,,,
WINTERSON,Jeanette,Pourquoi être heureux quand on peut être normal ?,24,,,,,
WOOLF,Virginia,La promenade au phare,24,,,,,
WOOLF,Virginia,Les vagues,24,,,,,
WOOLF,Virginia,Mrs Dalloway,24,,,,,
WOOLF,Virginia,Orlando,24,,,,,
Z’GRAGGEN,Yvette,La punta,24,,,,,
ZAHAVI,Helen,Dirty week-end,24,2 (1 Presses pocket et 1 Phebus Libretto),,,,
ZUFFEREY,Céline,New York K.O,24,,,,,
"BHATTACHARYA
BRENNER
DAVIS
DRUCKER
FARRIS
FEDERICI
FLOYD
GLEESON
GRIFFITHS
LEACOCK
MERTEUIL
RAMAS
REBUCINI
RENAULT","Titti
Johanna
Angela
Peter
Sara
Silvia
Kevin
J.J
K.D
Eleanor B.
Morgane
Maria
Gianfranco
Matthieu",Pour un féminisme de la totalité,25,,,,,
Collectif,CIRA,Refuser de parvenir – Idées et pratiques,25,,,,,
Collectif,,En catimini...Histoire et communiques des Rote Zora,25,,,,,
Collectif CFDT,,Le longue marche des femmes...vers leur émancipation du patriarcat et du capitalisme,25,,,,,
Compte rendu colloque du groupe regard critique,,Les femmes à l’heure de la mondialisation ou l’actualité des luttes féministes,25,4 exemplaires,,,,
DEL CASTILLO TRONCOSO,j. J.-F. G. L. G.,las mujeres de X’oyep,25,,,,,
DUPUIS-DERI,Francis,Nous n’irons plus aux urnes – Plaidoyer pour l’abstention,25,,,,,
EGRET & ANDERSON,Eliza & Tom,Struggles for Autonomy in Kurdistan,25,,,,,
EZLN – Commission sexta de l’EZLN,Collectif,Pistes Zapatistes – La pensée critique face à l’hydre capitaliste,25,,,,,
FEDERICI,Silvia,Le capitalisme patriarcal,25,,,,,
FINET,Hélène,Libertarias – Femmes anarchistes espagnoles,25,,,,,
HAIDAR,Sarah,La morsure du coquelicot,25,,,,,
KARCHER,Katarina,Sisters in arms,25,,,,,
KLEIN,Naomi,Journal d une combattante – nouvelles du front de la mondialisation,25,,,,,
Les désobéissants collectif,,Désobéir au sexisme,25,,,,,
LOHSCHELDER,Silke,Anarchafeminismus – Auf den Spuren einer Utopie,25,,,,,
LUXEMBOURG,Rosa,Oeuvres I (Réforme sociale ou révolution ? Grèves de masses. Parti et syndicats),25,,,,,
LUXEMBOURG,Rosa,Oeuvre II (écrits politiques 1917-1918),25,,,,,
LUXEMBOURG,Rosa,Oeuvres III – L’accumulation du capital (I),25,,,,,
MAREE BROWN,Adrienne,Pleasure activism – The politics of feeling good,25,,,,,
"MONTGOMERY
BERGMAN
ALURI","Nick
Carla
Hari",Joyful Militancy – Building thriving Resistance in Toxic Times,25,,,,,
"MÖSER
TILLOUS","Cornelia
Marion","Avec, sans ou contre – Critiques queers/féministes de l’état",25,,,,,
SCHULMAN,Sarah,Le conflit n’est pas une agression,25,,,,,
STEINER,Anne,Les en-dehors : anarchistes individualistes et illégalistes à la «Belle Epoque »,25,,,,,
THIERS-VIDAL,Léo,Rupture anarchiste et trahison pro-féministe,25,2,,,,
VIDAL,Aude,"Égologie, individualisme et course au bonheur",25,,,,,
ROBERTSON,blue,"Party vegan – fabulous, fun food for every occasion",26,,,,,
www.incontroliberazioneanimale.net,,"LIBRO, a seguito del 14° incotro per la liberazione animale e della terra",26,,,,,
BONSTEIN,Carole,Une suisse rebelle – Annemarie Schwarzenbach,27,,,,,
"BUDRY (éd.)
OLLAGNIER","Maryelle
Edmée",Mais qu’est-ce qu’elles voulaient ?  – Histoires de vie du MLF à Genève,27,,,,,
CHAPONNIÈRE,Martine,Devenir ou redevenir femme,27,,,,,
COLLECTIF FEMMES EN GRÈVE,Collectif,Le temps compté de l’égalité,27,,,,,
DALY,Mary,Jenseits von Gottvater Sohn & Co – Aufbruch zu einer Philosophie der Frauenbefreiung,27,,,,,
DE DARDEL,Julie,Révolution sexuelle et Mouvement de libération des femmes à Genève,27,,,,,
"DESSOULAVY
SCENINI
AEBI","Danielle
Romana
Alain",La politique familiale et son arlésienne : L’assurance maladie,27,,,,,
"FRAUENFRAGEN
QUESTIONS AU FÉMININ
QUESTIONI FEMMINILI",Revue,"Viel erreicht – neu herausgefordert
Nombreux sont les acquis – nouveaux sont les défis
Molte conquiste – Avanti verso nuove sfide",27,,,,,
"GOSTELI (dir.)
MOSER","Marthe
Peter","Une paysanne entre ferme, marché et associations – Textes d’Augusta Gillabert-Randin 1918-1940",27,2,,,,
"HELD
LEVY","Thomas
René","Femme, famille et société : Enquête sociologique sur la situation en Suisse",27,,,,,
"KELLERHALS
PERRIN
STEINAUER-CRESSON
VONECHE
WIRTH","J.
J.-F.
G.
L.
G.","Mariages au quotidien – Inégalités sociales, tensions culturelles et organisation familiale",27,,,,,
KOHLER,Nathalie,La situation des femmes dans l’AVS,27,,,,,
KRATTIGER,Ursa,"Randalierende Lehrerinnen, der basler lehrerinnenstreik vom 3. februar 59",27,,,,,
LA BÛCHE,BD FANZINE COLLECTIF, À cases égales - Des créatrices de BD romandes planchent sur l’égalité,27,,,,,
"MENÉTREY
COLLECTIF DE DÉFENSE","Anne-Catherine
Collectif",La vie… vite – Lausanne bouge 1980-1981 : une chronique,27,,,,,
PAUCHARD,Catherine,Femmes divorcées et sécurité sociale,27,,,,,
RUCKSTUHL,Lotti,Vers la majorité politique – Histoire du suffrage féminin,27,,,,,
SCHÖPF,Elfie,"Frauenstreik – Ein Anfang… Hintergrund, Porträts, Interviews",27,,,,,
TORRACINTA-PACHE,Claire,Le pouvoir est pour demain – Les femmes dans la politique suisse,27,,,,,
ULMI,Marianne,Frauenfragen Männergedanken – Zu Georg Simmels Philosophie und Soziologie der Geschlechter,27,,,,,
VILLIGER,Carole,Usages de la violence en politique (1950-2000),27,,,,,
Collectif,Brochure,Vergewaltigung : Was nun ? Nutzliche Informationen,28,,,,,
Commission fédérale pour les questions féminines CFQF,,Questions au féminin – Violence domestique : état des lieux,28,,,,,
DELAUME,Chloé,Mes bien chères sœurs,28,,,,,
FEDERICI,Silvia,"Caliban et la sorcière – Femmes, corps et accumulation primitive",28,3 (1 de 2014 et 2 de 2018),,,,
"FREEDMAN (Dir)
VALLUY (Dir)","Jane
Jérôme","Persécutions des femmes – savoirs, mobilisations et protections",28,,,,,
"GILLIOZ
DE PUY
DUCRET","Lucienne
Jacqueline
Véronique",Domination et violence envers la femme dans le couple,28,,,,,
GRENNVALL,Asa,Septième étage,28,,,,,
HIRIGOYEN,Marie-France,Femmes sous emprise – les ressorts de la violence dans le couple,28,,,,,
LE QUERREC,Perrine,Rouge pute,28,,,,,
PENELOPE,Revue,N° 6 (printemps 82) – Femme et violence,28,,,,,
TATAR,Marianne Henri-Charles,Lustmord – Sexual murder in weimar Germany,28,,,,,
TIMULT,Revue,"N° 11 (2021) IMAGINAIRES, merci la nuit, manufacture des utopies, queer et matérialisme",28,,,,,
ZEILINGER,Julie,A little F’D UP – Why feminism is not a dirty word,28,,,,,
ALKAZAZ,Bachar,Lettres de Syrie et d’exil,29,,,,,
ARLETTAZ,Gérald et Silvia,Le Suisse et les étrangers,29,,,,,
ASILE LGBT Genève,Collectif,Réfugié.es LGBTI – Guide pratique pour un accueil inclusif et égalitaire,29,,,,,
"BARBA
CATTACIN
ORIS
STOHR","Morena La
Sandro
Michel
Christian",La migration italienne dans la Suisse d’après-guerre,29,,,,,
"BOUCQ
WADRE PUNTOUS","Valentine
Amandine",Corps en grève,29,,,,,
BUREAU FÉDÉRAL DE L’ÉGALITÉ ENTRE FEMMES ET HOMMES,Collectif,Femmes réfugiées en Suisse,29,,,,,
Collectif,À couteaux tirés n°4,Liberté pour tous avec ou sans papiers – Une lutte contre la machine à expulser (Paris 2006-2011),29,,,,,
Collectif,,"Calais, face à la frontière – Textes et entretiens",29,,,,,
Collectif,,Nous ne ferons pas marche arrière ! - Luttes contre la frontière franco-italienne à Vintimille,29,,,,,
"COMITÉ D’ACTION INTERASSOCIATIF « DROIT DES FEMMES, DROIT AU SÉJOUR, CONTRE LA DOUBLE VIOLENCE »",Collectif,Femmes et étrangères : Contre la double violence / Témoignages et analyses,29,,,,,
DJINDA,Vincent,Et pourtant elles dansent…,29,,,,,
GENDRIN,Étienne,Droit d’asile,29,,,,,
HOUARI,Leila,Zeida,29,,,,,
"MAKAREMI
PARCIBOULA","Chowra
Matthieu",Prisonniers du passage,29,,,,,
MBOLELA,Emmanuel,Réfugié,29,2,,,,
NAVAJO,Métie,La geste des irréguliers – Sans papiers sur les routes de france,29,,,,,
ORELLI,Giovanni,Le train des italiennes,29,,,,,
PICAUD,Coline,De l’autre coté,29,,,,,
PICAUD,Coline,Disgrazia !,29,,,,,
QUÉMÉNER,Lucie,Baume du Tigre,29,,,,,
RÉSEAU DE SOLIDARITÉ ENVERS LES FEMMES EN SITUATION ILLÉGALE,Collectif,Illégales mais indispensables / Employées domestiques sans permis de séjour valide dans la région de Zurich,29,,,,,
"SKALOVA
ABADIE","Marina
Nadège",Silences d’exils,29,,,,,
,,On est toujours là ! 5Èmes rencontres nationales des luttes des immigrations,29,,,,,
"ALESSANDRIN
DAGORN
MEIDANI
RICHARD
TOULZE","Arnaud
Johanna
Anastasia
Gabrielle
Marielle",SANTÉ LGBT – Les minorités de genre et de sexualité face aux soins,30,,,,,
DUBUIS,Alexandre,Grands brûlés de la face,30,,,,,
"KAZUNE ZULU
A. COLLINS","Princess
Belinda","Princess, la guerrière – Se battre contre le sida avec courage et espoir",30,,,,,
LESTRADE,Didier,Acte up : une histoire,30,,,,,
"RICHARD
TAUXE","Marianne
Henri-Charles",L’histoire de Ketty,30,,,,,
"ROBIN
MAY FAIT DES GRIBOUILLIS","Fanny
,",Juste une endométriose,30,,,,,
ROHLFS,Sabine,Frauen und Krebs – Vom Umgang mit einer Krankheit,30,,,,,
SCHÖNIG,Karin,Myome,30,,,,,
SOHN,Lili,La guerre des tétons 1 : L’invasion,30,,,,,
SOHN,Lili,La guerre des tétons 2 : Extermination,30,,,,,
"BAROQUE
EANELLI","Fray
Tegan",Vers la plus queer des insurrections,32,,,,,
"CAMBRELENG
VINCENT
FAIT GRR
THIÉBAUT
MALKA
KIRSCHEN
HARMANGE
OVIDIE
KIYÉMIS
DHÉE
SCHMIDT
CAMILLE ET JUSTINE
LARRÈRE
REY-ROBERT
B. PRÉCIADO
SAUVION
AMSELLEM
SHANTA","Eve
Alizée
Klaire
Élise
Lauren
Marie
Pauline


Amandine
Fiona

Mathilde
Valérie
Paul
Marie
Rebecca
Élodie",Survivre au sexisme ordinaire – Analyses et techniques de 18 féministes pour le mettre K.O.,32,,,,,
"CARDI 
PRUVOST","Coline
Geneviève",Penser la violence des femmes,32,,,,,
DORLIN,Elsa,Se défendre – Une philosophie de la violence,32,2,,,,
GELDERLOOS,Peter,Como la no-violencia protege al estado,32,,,,,
GELDERLOOS,Peter,L’échec de la non-violence // Du printemps arabe à Occupy,32,,,,,
IRENE,,La terreur féministe – Petit éloge du féminisme extrémiste,32,,,,,
COLLECTIF,,"Au-delà du personnel, pour une transformation politique du personnel (Textes rassemblés par Corinne Monnet et Léo Vidal)",33,,,,,
EASTON et W. HARDY,Dossie et Janet,Etica Promiscua,33,,,,,
EASTON et W. HARDY,Dossie et Janet,"The ethical slut, A practical guide to polyamory, open relationships and other adventures",33,,,,,
THALMANN ,Yves.Alexandre,"Vertus du polyamour, La magie des amours multiples",33,,,,,
VEAUX et RICKERT,Franklin et Eve,"More than two, A practical quide to ethical polyamory",33,,,,,
YALOM et DONOVAN BROWN,Marilyn et Theresa,"The social sex, A history of female friendship",33,,,,,
JUNG,,Couleur de peau : Miel – Tome 1,34,,,,,
JUNG,,Couleur de peau : Miel – Tome 2,34,,,,,
JUNG,,Couleur de peau : Miel – Tome 3,34,,,,,
JUNG,,Couleur de peau : Miel – Tome 4,34,,,,,
LOISON,Patricia,Je cherche encore ton nom,34,,,,,
DELPHY,Christine,L’ennemi principal – 1 : Économie politique du patriarcat,35,,,,,
ENLOE,Cynthia,Making feminist sense of international politics – Bananas Beaches & Bases,35,,,,,
HECHT,Gabrielle,Le rayonnement de la France,35,,,,,
AL-SABOUNI,Marwa,Dans les ruines de Homs,36,,,,,
AMNESTY INTERNATIONAL,,Femmes : une égalité de droit ,36,,,,,
"DELOUPY
MERALLI","
Swann",Algérienne 1954-1962,36,,,,,
GAUME,Myriam,Kosovo : la guerre cachée,36,,,,,
"GEMMIS
BEGNEZ","Céline de
François",MOH : Palestinien mais presque,36,,,,,
GROUPE DE TRAVAIL SEVESO,Collectif,Seveso est partout,36,,,,,
KHALIFA,Sahar,L’impasse de Bab Essaha,36,,,,,
MINOUI,Delphine,Les passeurs de livre de Daraya,36,,,,,
PEX,Giulia,Khalat,36,,,,,
"SASHA
GIRARD",".
Christophe",Ismahane – L’intégrale,36,,,,,
YAZBEK,Samar,19 femmes,36,,,,,
ZERO CALCARE,,Kobane calling,36,,,,,
DUPUIS-DERI,Francis,La crise de la masculinité – Autopsie d’un mythe tenace,37,,,,,
SOLINT,Rebecca,Ces hommes qui m’expliquent la vie,37,,,,,
Stop Masculinisme collectif,,Contre le masculinisme – guide d’autodéfense intellectuelle,37,,,,,
TUAILLON,Victoire,Les couilles sur la table,37,,,,,
ALLISON,Dorothy,"Peau, à propos de sexe, de classe et de littérature",38,,,,,
"EHRENREICH
ENGLISH","Barbara
Deirdre","Fragiles ou contagieuses, le pouvoir médical et le corps des femmes",38,,,,,
INCENDO ,Collectif,Genres & Classes – L’insurrection généralisée qui détruira les hommes et les femmes,38,,,,,
SKEGGS,Beverley,Des femmes respectables – Classe et genre en milieu populaire,38,,,,,
D,Typhaine,Contes à rebours,39,,,,,
EVANS,Arthur,Witchcraft and the gay counterculture,39,,,,,
CASCALES,Béatrice,Dialogue avec ma vulve,40,,,,,
CHARLAP,Cécile,La fabrique de la ménopause,40,,,,,
DAUM,Meghan,Ils vécurent heureux et n’eurent pas d’enfants,40,,,,,
DÉCHALOTTE,Mélanie,Le livre noir de la gynécologie,40,,,,,
DONATH,Orna,Le regret d’être mère,40,,,,,
FFGZ,Brochure,Das Diaphragma – Ein sichere Alternative,40,,,,,
GAMS Rhône-Alpes,,Les fleurs coupées,40,,,,,
MATLWA,Kopano,Règles douloureuses,40,,,,,
OUASSAK,Fatima,La puissance des mères,40,,,,,
PARKER,Jack,Le grand mystère des règles – Pour en finir avec un tabou vieux comme le monde,40,,,,,
RUSTERHOLZ,Caroline,Deux enfants c’est déjà pas mal,40,,,,,
"SADLIER
BERGER","Karen
Maurice",Violences conjugales – Une défi pour la parentalité,40,,,,,
THIÉBAUT,Élise,"Ceci est mon sang – Petite histoire des règles, de celles qui les ont et de ceux qui les font",40,2,,,,
TILMANT,Isabelle,Épanouie avec ou sans enfant,40,,,,,
VUILLE,Marilène,Accouchement et douleur : une étude sociologique,40,,,,,
.,.,My first Rosa Parks,41,,,,,
.,.,My first Marie Curie,41,,,,,
ADAMCZAK,Bini,Le communisme expliqué aux enfants,41,2,,,,
"BEAUVOIS
CANTAIS","Delphine
Claire","Ni poupées, ni super-héros – Mon premier manifeste antisexiste",41,,,,,
BROWNE,Gérard,"Voitures, tracteurs, camions...Tous leurs secrets dévoilés",41,,,,,
"BUNNEL
KUSINITZ","Jacinta
Nathaniel",C’est quoi ton genre ? Cahier de coloriage,41,,,,,
"CHERY
QUEEN MAMA","Licia
",Tichéri a les cheveux crépus,41,,,,,
"COTTIN
FARIA","Menena
Rosana",Le livre noir des couleurs,41,,,,,
DARBY,G.,Nestor le dinosaure,41,,,,,
"ÉBOKÉA
PLACIN",".
Lucile",Mbéla et la kora magique,41,,,,,
"ELIOTOUT
CHEVALLIER","Bertrand
Jean",Le manchot comme on ne l’a jamais lu…,41,,,,,
"ESCOFFIER
GARRIGUE","Michaël
Roland",Princesse Kevin,41,,,,,
HARRISON,Vashti,Little Leaders – Visionary women around the world,41,,,,,
"KAISER
SALABERRIA","Lisbeth
Leira",Maya Angelou,41,,,,,
LABELLE,Sophie,"My dad thinks I’m a boy – Sometimes, adults are confused",41,,,,,
LEE,Soyung,"Ici, ensemble et maintenant",41,,,,,
LOVE,Jessica,Julian au mariage,41,,,,,
LOWRY,Lois,L’élue,41,,,,,
"NKASHAMA
BURI","Belotie
Amélie",Mbiya et Kabibi : Je veux le même ! Une histoire et un jeu,41,,,,,
"NSAFOU
BRUN","Laura
Barbara",Comme un million de papillons noirs,41,,,,,
"NSAFOU 
BRUN","Laura 
Barbara",Le chemin de Jada,41,,,,,
PARADISE SHEARRING,Maisie,I’m actually really grown-up now,41,,,,,
PITTAU,Francesco,Thomas et la jupe,41,,,,,
ROSSI,Federica,Comprendre la Palestine,41,,,,,
"ROUMIGUIÈRE
LACOMBRE","Cécile
Benjamin",L’enfant silence,41,,,,,
"SAUNDERS
OTTLEY","Kirli
Matt",L’incroyable machine à liberté,41,,,,,
SHIHAB NYE,Naomi,The Turtle of Oman,41,,,,,
"SORLET
SANCHEZ VEGARA","Agathe
Maria Isabel",Joséphine Baker,41,,,,,
TECKENTRUP,Britta,Voyage au clair de lune,41,,,,,
"THIÉBAUT
MALLE","Élise
Mirion",Les règles...quelle aventure !,41,,,,,
VALAT,Pierre-Marie,L’eau,41,,,,,
"VIDAL
LEGHIMA","Séverine
Marie",Ma timidité,41,,,,,
"WILMER
MELLAN","Marie
Julie",# Balance ton loup,41,,,,,
"YAN
HASKI","Ma
Pierre",Le journal de Ma Yan,41,,,,,
ABIRACHED,Zeina,Mourir Partir Revenir – Le jeu des hirondelles,42,,,,,
ABIRACHED,Zeina,Le piano oriental,42,,,,,
"ABIRACHED
ENARD","Zeina
Mathias",Prendre refuge,42,,,,,
"ABOUET
OUBRERIE","Marguerite
Clément",AYA de Yopougon 1,42,,,,,
ANONYME,,Forcifugeuse,42,,,,,
ANTICO,Nine,Maléfiques,42,,,,,
CATHON,,Les ananas de la colère,42,,,,,
COLLECTIF,"Garance, Pauline, Layla, Ma, Aisha, Maude",Une femme sans homme c’est comme un poisson sans bicyclette,42,,,,,
DELPORTE,Julie,Je vois des antennes partout,42,,,,,
DELPORTE,Julie,Journal,42,,,,,
Elliot,Ruby,ça va merveilleusement bien,42,,,,,
EMMA,,Des princes pas si charmants et autres illusions à dissiper ensemble,42,,,,,
EMMA,,La charge émotionnelle,42,,,,,
EMMA,,Un autre regard – Trucs en vrac pour voir les choses autrement,42,,,,,
EMMA,,Un autre regard 2,42,,,,,
LA BÛCHE,BD FANZINE COLLECTIF,Buchette numéro 1,42,,,,,
LA BÛCHE,BD FANZINE COLLECTIF,Buchette numéro 2,42,,,,,
LA BÛCHE,BD FANZINE COLLECTIF,Buchette numéro 3,42,,,,,
LA BÛCHE,BD FANZINE COLLECTIF,Buchette numéro 4,42,,,,,
LA BÛCHE,BD FANZINE COLLECTIF,Hot-série – Spécial sexe,42,,,,,
LA BÛCHE,BD FANZINE COLLECTIF,Numéro 4,42,,,,,
LA BÛCHE,BD FANZINE COLLECTIF,Numéro 5 – Porosité,42,,,,,
LIDA,,Martin Pêcheur,42,,,,,
LOUIZA,LOUIZA,Ca rendait mieux dans ma tête,42,,,,,
MALLE,Mirion,Commando culotte – Les dessous du genre et de la pop culture,42,,,,,
MANCINI,Juliette,De la chevalerie,42,,,,,
MENOZA,Molly,Skip,42,,,,,
MINAVERRY,,Dora 1 – Chasseuse de nazis,42,,,,,
MINAVERRY,,Dora 2 – L’année suivante à Bobigny,42,,,,,
MINAVERRY,,"Dora 3 – Malenki Sukole, une berceuse polonaise",42,,,,,
MINAVERRY,,"Dora 4 – Amsel, Vogel, Hahn",42,,,,,
NAHON,Maël,Autre,42,,,,,
"PINZON MENDOZA                                              
NARANJO","Camila
Erik",Microfeminismos,42,,,,,
POWERPAOLA,,Tout va bien se passer,42,,,,,
"RAMADIER
ULRICH","Mathilde
Camille",Corps public,42,,,,,
"ROSENSTEIN
BALADI","Adeline
.","Décris – Ravage – Premier épisode : Décrire L’Égypte, Ravager la Palestine",42,,,,,
"ROSENSTEIN
BALADI","Adeline
.",Décris – Ravage – Deuxième épisode : Décrire L’empire ottoman autour de 1830,42,,,,,
"ROSENSTEIN
BALADI","Adeline
.",Décris – Ravage – Troisième épisode : Décrire et inventer la terre sainte,42,,,,,
SACCO,Joe,Plalestine,42,,,,,
SPAAK,Marine,"Sea, sexisme and sun – Chroniques du sexisme ordinaire",42,,,,,
STROMQUIST,Liv,Grandeur et décadence,42,,,,,
STROMQUIST,Liv,I’m every woman,42,2,,,,
STROMQUIST,Liv,L’origine du monde,42,,,,,
STROMQUIST,Liv,La rose la plus rouge s’épanouit,42,,,,,
STROMQUIST,Liv,Les sentiments du prince Charles,42,,,,,
VANDE GHISTE,Tiffanie,Dryades,42,,,,,
"AZUÉLOS
CHÈVRE","Nour
Mathilde",Les aventures de Zoé – La pluie,43,,,,,
BEAUVOIR,Simone,La Vieillesse,43,,,,,
DE HENNEZEL,Marie,"L’Âge, le désir & l’amour",43,,,,,
DE SURY,Ghislaine,Le goût de viellir,43,,,,,
HARAWAY,Donna J.,Vivre avec le trouble ,?,,,,,
"BLÉZAT
DESQUESNES
EL KOTNI
FAURE
FOFANA
DE GUNZBOURG
HERMANN
KINSKI
PERRET","Mathilde
Naïké
Mounia
Nina
Nathy
Hélène
Marie
Nana
Yéléna","Notre corps, nous-mêmes",1/40,,,,,
HARJO,Joy,L’aube américaine,10/20,,,,,
FORNEY,Ellen,Une case en plus – Conseils éclairants d’une bipolaire assumée,14 (/42),,,,,
HOOKS,Bell,apprendre à transgresser,16/20,3,,,,
ABÉCASSIS,Eliette,Sépharade,16/24,,,,,
Ouvrage collectif,,Prostitution coloniale et post-coloniale,20/16/4,,,,,
GAILLARD,Ursula,"Mieux qu’un rêve, une grève ! – La grève des femmes du 14 juin 1991 en Suisse","21
27",3,,,,
Haraway,Donna J.,Vivre avec le trouble ,21/22,,,,,
AUGIER ,Justine,"De l’ardeur : Histoire de Razan Zaitouneh, avocate syrienne",22/36,,,,,
BOUKHOBZA,Chochana,Le Troisième Jour,24/19,,,,,
Gysler,Sarah,Petite,24/19,,,,,
HUSTON,Nancy,Bad girl,24/19,,,,,
WINTERSON,Jeanette,Oranges are not the only fruit,24/19,,,,,
BURNIER,Marcia,Les orageuses,32/24,,,,,
DOGAN,Zehra,Prison n°5,36/40/13,,,,,
Ouvrage collectif,,Réflexions Autour d’un Tabou : l’infanticide,40/3,,,,,
"TIBI
ROMEO","Marie
Rebecca",Le renard emprivoisé,41/26,,,,,
TOGNI,Carola,Le genre du chômage ,"5
27",,,,,
Collectif,Hors d’attente,"Notre corps, Nous-mêmes",6/40,2,,,,
MANCINI,Juliette,Éveils,6/42,,,,,
NOMS,PRÉNOM,TITRE ,CATÉGORIE,Nombre d exemplaires,,,,
BRAIGA,Kenza,"Un jour, j’ai quitté Bagdad",teixido,,,,,
BLUE,Elly,Bikes in Space vol°2 – More feminist science fiction,,2,,,,
FORRESTER ,,,,,,,,
sadlier,BIKESEXUALITY,sadlier,,,,,,