,Noémie,De l’importance du poil au nez,30,,1,FR,CLASSE,,
DUD,Vamille,Le troqueur ,42,,1,FR,CLASSE,,
"A, Sandra, Sonia",Boris,133 mondes parallèles,11,Z.,1,FR,CLASSE,,
ABÉCASSIS,Eliette,Sépharade,24,,1,FR,CLASSE,,
A.,Krystèle,Une maman presque parfaite,4,O.1.,1,FR,CLASSE,,
ABIRACHED,Zeina,Mourir Partir Revenir - Le jeu des hirondelles,42,,1,FR,CLASSE,,
ABIRACHED,Zeina,Le piano oriental,42,,1,FR,CLASSE,,
"ABIRACHED, ENARD","Zeina, Mathias",Prendre refuge,42,,1,FR,CLASSE,,
"ABOUET, OUBRERIE","Marguerite, Clément",AYA de Yopougon 1,42,L.,2,FR,CLASSE,,
ADAMS,Carol J.,La politique sexuelle de la viande - une théorie critique féministe végétarienne,26,,3,FR,CLASSE,,
AHMAD,Rana,"Ici, les femmes ne rêvent pas - Récit d’une évasion",22,,1,FR,CLASSE,,
AL-SABOUNI,Marwa,Dans les ruines de Homs - Journal d’une architecte syrienne,36,,1,FR,CLASSE,TEMOIGNAGE,
"ALBISTUR, ARMOGATHE","Maïté, Daniel",Histoire du féminisme français du moyen âge à nos jours,21,,1,FR,CLASSE,,
ALDECOA,Josefina R.,La fuerza del destino,24,,1,ES,ROMAN,,
ALDECOA,Josefina R.,Mujeres de negro,24,,1,ES,ROMAN,,
ALESSANDRIN,Arnaud,Sociologie des transidentités,2,,1,FR,CLASSE,,
ALI,Zahra,Féminismes islamiques,20,,2,FR ,CLASSE,1 exemplaire manquant,
ALKAZAZ,Bachar,Lettres de Syrie et d'exil,29,,1,FR,CLASSE,,
ALLENDE,Isabel,Portrait sépia,24,,1,FR,CLASSE,ROMAN,
ALLENDE,Isabel,L’île sous la mer,24,,1,FR,CLASSE,ROMAN,
ALLENDE,Isabel ,Eva Luna,24,,1,ES,CLASSE,ROMAN,
ALLISON,Dorothy,Deux ou trois choses dont je suis sûre,22,Z.,1,FR,CLASSE,,
ALLER,Diana,Coños como el de Marta,24,,1,ES,CLASSE,ROMAN,
AMADOU AMAL,Djaïli,Les impatientes,24,,1,FR,CLASSE,ROMAN,
ANGELOU,Maya,I Know Why the Caged Bird Sings,24,,1,EN,CLASSE,ROMAN,
"AMAR, CARPENTIER-GOFFRE, LOYAL","Cherine, Laura, Anne",Contes qui guérissent contes qui aguérissent - Tome 1,39,K. ,1,ES,CLASSE,ROMAN,
ANCELE,Pierre-Jean,"Du tac au tac, anglais, plus de 1500 phrases prêtes à l’emploi",17,Z.,1,FR/ENG,CLASSE,? Necessaire,
ANDREWS,A.,A quick & easy guide to sex & disability,14,E.5.,1,EN,CLASSE,A CONSULTER SUR PLACE,
ANGELOU,Maya,Un billet d’avion pour l’Afrique - Mémoires,22,,1,FR,CLASSE,,
ANONYME,,Cantines - Précis d’organisation de cuisine collective,8,,1,FR,CLASSE,,
ANONYME,,Evasion,25,,1,EN,CLASSE,,
ANONYME,,Expect resistance,25,,1,EN,CLASSE,,
ANONYME,,"Work - Capitalism, economics, resistance",25,,1,EN,CLASSE,,
ANONYME,,Days of war nights of love - Crimethink for beginners,31,,1,EN,CLASSE,,
ANSORGE,Gisèle,Prendre d’aimer,24,,1,FR,CLASSE,ROMAN,
ANTICO,Nine,Maléfiques - L’association,42,,1,FR,CLASSE,,
ARLETTAZ,"Gérald, Silvia",La Suisse et les étrangers - Immigration et formation nationale (1848-1933),29,,1,FR,CLASSE,,
COLLECTIF,ASILE LGBT Genève,Réfugié.es LGBTI - Guide pratique pour un accueil inclusif et égalitaire,29,,1,FR,CLASSE,,
"APP, FAURE-FRAISSE, FRAENKEL, RAUZIER","Corinne, Anne-Marie, Béatrice, Lydie",40 ans de slogans féministes - 1970/2010,21,,1,FR,CLASSE,,
COLLECTIF,Association “CHOISIR”,Avortement : une loi en procès – L’affaire de Bobigny,40,G.2.,1,FR,CLASSE,,
COLLECTIF,ATELIERS DE L’ANTÉMONDE,Bâtir aussi,24,,1,FR,CLASSE,ROMAN,
ATWOOD,Margaret,The Blind Assassin,24,,1,EN,CLASSE,ROMAN,
AUGIER ,Justine,"De l’ardeur - Histoire de Razan Zaitouneh, avocate syrienne",22/36,,1,FR,CLASSE,,
AZEMA,Lucie,Les femmes aussi sont du voyage - L’émancipation par le départ,22,,1,FR,CLASSE,,
AZZEDDINE,Saphia,Bilqiss,24,,1,FR,CLASSE,ROMAN,
B.,Alex,La società de/generata - teoria e pratica anarcoqueer,26,,1,IT,CLASSE,,
B.,Rosa,Insolente veggie - une végétalienne très très méchante,26,,1,FR,CLASSE,,
BA,Mariama,Une si longue lettre,24,,2,FR,CLASSE,ROMAN,
BÂ,Mariama,Der scharlachrote Gesang,24,,1,DE,CLASSE,ROMAN,
BAEZ,Joan ,Le lever du jour,22,,1,FR,CLASSE,,
BAGHADASSARIAN,Salpy,Quarante cerfs – volants,10,,1,FR,CLASSE,,
BAGIEU,Pénélope,Culottées – Des femmes qui ne font que ce qu’elles veulent – Tome 1,42,,1,FR,CLASSE,,
BAGIEU,Pénélope,Culottées – Des femmes qui ne font que ce qu’elles veulent – Tome 2,42,,1,FR,CLASSE,,
BAKER,Catherine,Insoumission à l’école obligatoire,12,,1,FR,CLASSE,,
BALDWIN,James,Chroniques d’un enfant du pays,16,,1,FR,CLASSE,ESSAI,
BALDWIN,James,I am not your negro,16,,1,FR ,CLASSE,,
BALDWIN,James,Un autre pays,16/24,,1,FR,CLASSE,ROMAN,
BALDWIN,James,La chambre de Giovanni,24,,1,FR,CLASSE,,
BALDWIN,James,Si Beale Street pouvait parler,24,,1,FR,CLASSE,ROMAN,
BALZERANI,Barbara,Camarade Lune,22,,1,FR,CLASSE,,
BARBERY,Muriel,L’élégance du hérisson,24,,1,FR,CLASSE,,
BARBUSSE,Béatrice,Du sexisme dans le sport,15,A.4.,1,FR,CLASSE,,
"BARKER, SCHEELE","Meg-John, Jules",Sexuality - A graphic guide,18,E.4.,1,EN,CLASSE,,
BARKI,Irène,Pour ces yeux-là - La face cachée du drame argentin : les enfants disparus,22,,1,FR,CLASSE,,
"BAROQUE, EANELLI","Fray, Tegan",Vers la plus queer des insurrections,32,,1,FR,CLASSE,,
BASTIDE,Laurent,La poudre - Entretiens par Laurent Bastide,22,,1,FR,CLASSE,,
"BAUDY, DIEUMEGARD","Mathilde, Tiphaine","Le petit illustré, de l’intimité – de la vulve, du vagin, de l’utérus, du clitoris, des règles, etc.",41,H.2.,1,FR,CLASSE,,
"BAUDY, DIEUMEGARD","Mathilde, Tiphaine","Le petit illustré, de l’intimité – du pénis, du scrotum, des testicules, du prépuce, des érections, etc.",41,H.2.,1,FR,CLASSE,,
BAUER,Josette,Une femme en cavale,22,,1,FR,CLASSE,,
"BEAUMONT, PARINAUD","Germaine, André",Colette,22,,1,FR,CLASSE,,
"BEAUSSON-DIAGNE, GABIN, GUEYE, HAÏDARA, KHAN, MAÏGA, MARTINS, NGA, POKORA, RICHARD, ROLLAND, SILBERFELD, SOUAGNON, SYLLA, TOURÉ, ZOBDA
","Nadège, Mata, Maïmouna, Eye, Rachel, Aïssa, Sara, Marie-Philomène, Sabine, Firmine, Sonia, Magaajyia, Shirley, Assa, Karidja, France",Noire n’est pas mon métier,20,,1,FR,CLASSE,,
BECHDEL,Alison,Fun Home - Une tragicomédie familiale,22,,1,FR,CLASSE,,
BECHDEL,Alison,"Dykes to watch out for - Hot, Throbbing",42,,1,EN,CLASSE,,
BECHDEL,Alison,Dykes to watch out for – Great romances that never were !,42,,1,EN,CLASSE,,
BECHDEL,Alison,Dykes to watch out for – More,42,,1,EN,CLASSE,,
BECHDEL,Alison,"Dykes to watch out for – New, improved !",42,,1,EN,CLASSE,,
BECHDEL,Alison,Dykes to watch out for – The sequel - Added attraction! “Serial Monogamy” - A Documentary,42,,1,EN,CLASSE,,
BECHDEL,Alison,Dykes to watch out for – Unnatural,42,,1,EN,CLASSE,,
BECHDEL,Alison,L’essentiel des gouines à suivre,42,,1,FR,CLASSE,,
BECQUELIN,Louisa,Tout ce que reflète la nacre,10,,1,FR,CLASSE,,
"BEMON, BOUDET","Jimmy, Émilie",Superman n’est pas juif (...et moi un peu),42,,1,FR,CLASSE,,
BELLI,Gioconda,La mujer habitada,24,,1,ES,CLASSE,ROMAN,
"BENGHOZI, ETCHART","Pierre, Pierre","L’inceste, scènes de famille",12,,1,FR,CLASSE,,
BENNETT,Brit,Je ne sais pas quoi faire des gentils blancs - Essais,16,,1,FR,CLASSE,ESSAI,
BENOTMAN,Hafed,"Ça ne valait pas la peine, mais ça valait le coup -  26 lettres contre la prison choisies par l’Envolée",13,,1,FR ,CLASSE,,
BENTOUHAMI,Hourya,"Judith Butler - Race, genre et mélancolie",16 / 20,A.2.,1,FR,CLASSE,,
"BERENI, REVILLARD, CHAUVIN, JAUNAIT","Laure, Anne, Sébastien, Alexandre",Introduction aux Gender Studies - Manuel des études sur le genre,21,,1,FR,CLASSE,,
BERGERON,Chris,Valide,22/24/19,B.7.,1,FR,CLASSE,,
BENSON,Stella,La vie seule,24,,1,FR,CLASSE,ROMAN,
"BÉRARD, CHANTRAINE","Jean, Gilles",80000 détenus en 2017 ? -  Réforme et dérive de l’institution pénitentiaire,13,,1,FR,CLASSE,,
"BERSANI, BOURDIEU, BROSSARD, CHAUNCEY, ERIBON, FILLIEULE, HALPERIN, KOSOFSKY SEDWICK, LUCEY, MARCUS, PRIEUR, WITTIG","L.,P.,N.,G.,D.,O.,D.,E.,M.,S.,A.,M.",Les études gays et lesbiennes,19,,1,FR,CLASSE,,
BILLE,Corinna S.,Théoda,24,,1,FR,CLASSE,ROMAN,
BLACKBURN,Julia,"Lady in satin - Billie Holiday, portrait d’une diva par ses intimes",22,,2,FR,CLASSE,,1 manquant
BLACKWELl,Maylei,¡Chicana Power! - Contested histories of feminism in the Chicana movement,20,,1,EN,CLASSE,,
BLANCHARD,Véronique,"Vagabondes, voleuses, vicieuses - Adolescentes sous contrôle, de la libération à la libération sexuelle",12,,1,FR,CLASSE,,
"BOGGIO ÉWANJÉ-ÉPÉE, MAGLIANI-BELKACEM","Félix, Stella",Les féministes blanches et l’empire,16,,1,FR,CLASSE,,
BOLLI,Michèle,"Laisses - seuil, soufrière, margelles",10,,1,FR,CLASSE,,
"BORDIER (dir.), KARENSAC, GENTILHOMME, CY, BOISEAU, MEYNET, MALLE, MESSANA, COLLIGNON, MAUREL, GOMEZ, CAROLINE, MATHOU","Léa, Ève, Marie, Sibylline, Mirion, Anne-Olivia, Daphné, Carole, Lucile, Mademoiselle",Cher corps,6/42,,1,FR,CLASSE,"BD, TEMOIGNAGE",
BOREL,Xochitl,L’alphabet des anges,6/24,,1,FR,CLASSE,ROMAN,
BORNSTEIN,Kate,"Gender Outlaw - On men, women and the rest of us",2,,1,EN,CLASSE,,
BOUAZZOUNI,Nora,Faiminisme - quand le sexisme passe à table,26,,1,FR,CLASSE,,
BOUAZZOUNI,Nora,Steaksisme - En finir avec le mythe de la végé et du viandard,26,,1,FR,CLASSE,,
BOUCHERIE,Alexia,Troubles dans le consentement - Du désir partagé au viol : ouvrir la boîte noire des relations sexuelles,15,,1,FR,CLASSE,,
"BOUCQ, WADRE PUNTOUS","Valentine, Amandine",Corps en grève,42,,1,FR,CLASSE,BD,
BOUKHOBZA,Chochana,Le Troisième Jour,24,,1,FR,CLASSE,ROMAN,
BOURAOUI,Nina,Mes mauvaises pensées,24,,1,FR,CLASSE,ROMAN,
BOURCIER,Sam,Homo Inc.orporated - Le triangle et la licorne qui pète,19,,2,FR,CLASSE,1 manquant,
BOURCIER,Sam,Queer Zones - La trilogie,19,,1,FR,CLASSE,,
BOURCIER,Sam,Sexpolitiques - Queer zone 2,19,,1,FR,CLASSE,,
"BOUSQUET, JAYPEE",Charlotte,Barricades,42,,1,FR,CLASSE,,
BOUTELDJA,Houria,"Les blancs, les juifs et nous - Vers une politique de l’amour révolutionnaire",16,,1,FR,CLASSE,,
"BOUTELDJA, KHIARI","Houria, Sadri",Nous sommes les indigènes de la république,16,,2,FR,CLASSE,,
BRAGANCE,Anne,D’un pas tranquille,24,,1,FR,CLASSE,ROMAN,
BRAIGA,Kenza,"Un jour, j’ai quitté Bagdad - De Bagdad au loft",22,,1,FR,CLASSE,,
BRAITHWAITE,Oyinkan,"Ma sœur, serial killer",24,,1,FR,CLASSE,ROMAN,
BRANTENBERG,Gerd,Egalia’s daughters – A satire of the sexes,24,,1,EN,CLASSE,ROMAN,
BRAUNSCHWEIG,Lila,Neutriser - Émancipation(s) par le neutre,19,A.1.,1,FR,CLASSE,,
"BREEN, JORDAHL","Marta, Jenny",Histoire(s) de femmes - 150 ans de luttes pour leur liberté et leur droits,42,,1,FR,CLASSE,,
BRONTË,Charlotte,Jane Eyre,24,,1,FR,CLASSE,ROMAN,
BROWN,Adrienne Maree,Pleasure activism – The politics of feeling good,18,E.6.,1,EN,CLASSE,,
BRUDER,Jessica,Nomadland,22,,1,FR,CLASSE,,
"BRUGÈRE, LE BLANC","Fabienne, Guillaume","Judith Butler - Trouble dans le sujet, trouble dans les normes",2,,1,FR,CLASSE,,
BRUNSWIC,Anne,"Sibérie, un voyage au pays des femmes - Chroniques",22,,1,FR,CLASSE,,
"BUDRY, (éd.), OLLAGNIER (éd.)","Maryelle, Edmée",Mais qu’est-ce qu’elles voulaient ?  – Histoires de vie du MLF à Genève,27,,1,FR,CLASSE,,
COLLECTIF,BUREAU FÉDÉRAL DE L’ÉGALITÉ ENTRE FEMMES ET HOMMES,Femmes réfugiées en Suisse - Un manuel,29,,1,FR,CLASSE,,
BURI,Rosmarie,Grosse et bête - L’histoire de ma vie,6/22,,1,FR,CLASSE,AUTOBIOGRAPHIE,
BURNIER,Marcia,Les orageuses,32/24,,1,FR,CLASSE,,
BUTLER,Judith,Trouble dans le genre (Gender Trouble) – Le féminisme et la subversion de l’identité,2,,3,FR,CLASSE,,
CABEZÓN CAMARA,Gabriela,Les aventures de China Iron,24,,1,FR,CLASSE,ROMAN,
CAISNE,Arielle,L’ortie  - Récit,15,,1,FR,CLASSE,RECIT,
CALIFIA,Pat,Le mouvement transcende - changer de sexe ,2,,1,FR,CLASSE,,
"CAMBRELENG, VINCENT, FAIT GRR, THIÉBAUT, MALKA, KIRSCHEN, HARMANGE, OVIDIE, KIYÉMIS, DHÉE, SCHMIDT, CAMILLE ET JUSTINE, LARRÈRE, REY-ROBERT, B. PRÉCIADO, SAUVION, AMSELLEM, SHANTA","Eve, Alizée, Klaire, Élise, Lauren, Marie, Pauline, , , Amandine, Fiona, , Mathilde, Valérie, Paul, Marie, Rebecca, Élodie",Survivre au sexisme ordinaire - Analyses et techniques de 18 féministes pour le mettre K.O.,32,,1,FR,CLASSE,,
"CAMBRELENG, SABBAH","Eve, Blanche",Nos mutineries – Réponses imparables aux idées reçues sur le féminisme,21/42,A.5. / L .,1,FR,CLASSE,,
CANIZALES,Pj,Amazona,16/42,L. / C. ,1,FR,CLASSE,BD,
"CARDI (dir), PRUVOST (dir)","Coline, Geneviève",Penser la violence des femmes,32,,1,FR,CLASSE,,
CARDINAL,Marie,La clé sur la porte,24,,1,FR,CLASSE,ROMAN,
CARLES,Emilie,Une soupe aux herbes sauvages,24,,1,FR,CLASSE,ROMAN,
CARLOS,Marina,Je vais m’arranger - Comment le validisme impacte la vie des personnes handicapées,14,,1,FR,CLASSE,,
CARTER,Angela,The Sadeian woman and the ideology of pornography - An exercise in cultural history,18,,1,EN,CLASSE,,
CARTER,Angela,La compagnie des loups - et autres nouvelles,24,,1,FR,CLASSE,Recueil de nouvelles,
CARTER,Angela,The Passion of New Eve,24,,1,EN,CLASSE,ROMAN,
CARTER,Angela,The Bloody Chamber,24,,1,EN,CLASSE,Recueil de nouvelles,
CARTER,Angela,Angela Carter’s book of fairy tales,39,,1,EN,CLASSE,,
CASSADY,Carolyn,"Sur ma route - Ma vie avec Neal Cassady, Jack Kerouac, Allen Ginsberg et les autres…",24,,1,FR,CLASSE,ROMAN,
CASTELLANOS,Rosario,Cours de cuisine - suivi de La petite tête grisonnante,24,,1,FR,CLASSE,NOUVELLES / PIVE (PAULETTE),étagère à part?
"CASTRO, ZUTTION","Catherine, Quentin",Appelez-moi Nathan,2/42,,1,FR,CLASSE,BDS,
CASSE-RÔLES,,N°17,23/40,H.2./ Z.,1,FR,CLASSE,REVUE,?
CASTOR,Léa,Corps à coeur coeur à corps,6/42,,1,FR,CLASSE,BD,
"CATEL,  BOCQUET","Muller, José-Louis",Joséphine Baker,42,,1,FR,CLASSE,"BD, BIOGRAPHIE",
"CATEL,  BOCQUET","Muller, José-Louis",Kiki de Montparnasse,42,,1,FR,CLASSE,,
CATHON,,Les ananas de la colère,42,,1,FR,CLASSE,,
"CAUSSE,VEZINET","Rolande, Nane",Rebelles,22,,1,FR,CLASSE,,
CÉCILE,,Année érotique ,10,,1,FR,CLASSE,,
CELLINI,Matteo,"Moi, la grosse",6/24,,1,FR ,CLASSE,ROMAN,
CÉSAIRE,Aimé,"Discours sur le colonialisme, Discours sur la Négritude",16,,1,FR,CLASSE,DISCOURS,
"CÉSAIRE, DAMAS, DIOP, DIOP, RABEARIVELO, SENGHOR","A., L.-G., B., D., L. S.",Poemi dalla Negritudine,16,,1,IT,CLASSE,POÉSIE,
CHAMBERS,Becky,"Apprendre, si par bonheur",24,,1,FR,CLASSE,ROMAN,
CHAPERON,Sylvie,La médecine du sexe et les femmes – Anthologie des perversions féminines au XIXè siècle,18,,1,FR,CLASSE,,
"CHAPONNIÈRE, RICCI LEMPEN","Martine, Silvia",Tu vois le genre ? Débats féministes contemporains,21,,1,FR,CLASSE,,
CHARIANDY,David,Il est temps que je te dise - Lettre à ma fille sur le racisme,16,,1,FR,CLASSE,,
CHARLAP,Cécile,La fabrique de la ménopause,40,,1,FR ,CLASSE,,
CHASE-RIBOUD,Barbara,Vénus Hottentote,24,,1,FR,CLASSE,ROMAN,
CHATTERJEE,Partha,Politique des gouvernés - Réflexions sur la politique populaire dans la majeure partie du monde,16,,1,FR,CLASSE,,
CHAUVET,David,La mentaphobie (ou comment le cri de la carotte) tue les animaux,26,,1,FR,CLASSE,,
"CHEN, DULANI, LAKSHMI PIEZNA-SAMARASINHA","Ching-in, Jai, Leah",The revolution starts at home - Confronting intimate violence within activist communities,15,,1,EN,CLASSE,,
"CHENU, MONROY","Audrey, Catherine",Girl Fight,22,,1,FR,CLASSE,,
CHOLLET,Mona,Réinventer l’amour : comment le patriarcat sabote les relations hétérosexuelles,33,F.5.,1,FR,CLASSE,,
CHOPLIN,Antoine,Un ciel rempli d'oiseaux,24,J.,1,FR,CLASSE,,
"CHOUDER, LATRÈCHE, TEVANIAN","Ismahane, Malika, Pierre",Les filles voilées parlent,20,,1,FR,CLASSE,,
"CHRISTE, NATCHKOVA, SCHICK, SCHOENI","Sabine, Nora, Manon, Céline",Au foyer de l’inégalité,5,,2,FR,CLASSE,,
CIXOUS,Hélène,Souffles,24,,1,FR,CLASSE,ROMAN,
COATES,Ta-Nehsi,Between the world and me,16,,1,EN,CLASSE,,
COFFIN,Alice,Le génie lesbien,19,,2,FR,CLASSE,,
COLETTE,,La vagabonde,24,,1,FR,CLASSE,ROMAN,
COLLECTIF,,Classeur d’archives sur l’avortement en Suisse,3,,1,FR,CLASSE,ARCHIVES,?? Donner au CIRA??
COLLECTIF,,Plantes et ovaires,1,,1,FR,CLASSE,,
COLLECTIF,Collectif de l’internationale des femmes,"Le droit de choisir - Avortement, contraception : lutte internationale des femmes",3,,1,FR,CLASSE,,
COLLECTIF,Comité pour la liberté de l’avortement et de la contraception,Libérons l’avortement - Comité pour la liberté de l’avortement et de la contraception,3,,1,FR,CLASSE,,
COLLECTIF,Cases Rebelles,100 Portraits contre l’état policier,13,,1,FR,CLASSE,,
COLLECTIF,,The fat zine by fat people for fat people + those that care,6,E.3.,2,FR,CLASSE,ZINE,
COLLECTIF,À couteaux tirés ,Les indésirables - I. Lecce (2001-2010),13,,1,FR,CLASSE,,
COLLECTIF,,Mon corps est un champ de bataille - Analyses et témoignages - tome 1,6,E. ,2,FR,CLASSE,TEMOIGNAGE,
COLLECTIF,,Mon corps est un champ de bataille - tome 2,6,,1,FR,CLASSE,TEMOIGNAGE,
COLLECTIF,,Guide - Les couches lavables et autres alternatives aux couches jetables,8,,1,FR,CLASSE,,
COLLECTIF,,Rage de camp - Pistes et outils pour des campements autogérés,8,,1,FR,CLASSE,,
COLLECTIF,,SRSR – queerasses sous influence,10,K. ,1,FR/ENG,CLASSE,,
COLLECTIF,,Les études gay et lesbiennes,19,,1,FR ,CLASSE,,
COLLECTIF,Gay Liberation Front ,Come out ! -  Selections from the radical gay liberation newspaper,19,,1,EN,CLASSE,,
COLLECTIF,,Being a woman artist,11,,1,FR,CLASSE,,
COLLECTIF,,Kiss my genders,11,Z.,1,EN,CLASSE,,
COLLECTIF,,Éducation populaire & féminisme : Récit d’un combat (trop) ordinaire,12,,1,FR ,CLASSE,,
COLLECTIF,,État d’urgence et business de la sécurité - Entretiens avec Mathieu Rigouste,13,,1,FR,CLASSE,,
COLLECTIF,,"Charbonnerie El Buen Trato - Charbon et charbon de bois, livraisons à domicile, commandes rapides et soignées",13,,1,FR,CLASSE,,
COLLECTIF,,"Éclats de liberté - La lutte contre la construction d’un nouveau centre fermé pour clandestins à Steenokkerzeel (Belgique, 2009-2011)",13,,1,FR,CLASSE,,
COLLECTIF,,Paroles de sourds – À la découverte d’une autre culture,14,,1,FR,CLASSE,,
COLLECTIF,,#Balance ta bulle – 62 dessinatrices témoignent du harcèlement et de la violence sexuelle,15,,1,FR,CLASSE,BD / TÉMOIGNAGE,
COLLECTIF,,Le désir libertaire – Le surréalisme arabe à Paris,16,,1,FR,CLASSE,,Collectif textes réunis et annotés par Abdul KaderEl Janabi
COLLECTIF,,Dictionnaire – La langue des signes,17,Z.,1,FR/LDS,CLASSE,,
COLLECTIF,,Dictionnaire bilingue L.S.F./Français,17,Z.,1,FR / LSF,CLASSE,,
COLLECTIF,Cases Rebelles,Le feu qui craque – Panafrorévolutionnaires,20,,1,FR,CLASSE,,
COLLECTIF,,Pour un féminisme de la totalité,25,,1,FR,CLASSE,,
COLLECTIF,NAQD Revue d’études et de critique sociale,Femmes et Citoyenneté*,20,,1,"FR, AR",CLASSE,,
COLLECTIF,Organização de Fernanda Felisberto,Terras de Palavras - Contos ,20,,1,PO,CLASSE,,
COLLECTIF,Cahiers du Grif,Les femmes et la politique,21,,1,FR,CLASSE,REVUE,
COLLECTIF,,The Suffragettes,21,,1,EN,CLASSE,,
COLLECTIF,,Frauenemanzipation im deutschen Vormärz - Texte und Dokumente,21,,1,DE,CLASSE,,
COLLECTIF,,"Mieux qu’un rêve, une grève – La grève des femmes du 14 juin 1991 en Suisse",21,A.,1,FR,CLASSE,,
COLLECTIF,,Une bibliothèque féministe,21,,1,FR,CLASSE,,
COLLECTIF,,Les nouvelles femmes - Préface de Benoîte Groult,22,,1,FR,CLASSE,,
COLLECTIF,Kika et Hibickina,Off the Map - Tribulations de deux vagabondes anarchistes,22,,2,FR,CLASSE,,
COLLECTIF,Syndicat des employées de maison du Cusco,On demande une bonne - Se necesita muchacha,22,,1,FR/SP,CLASSE,,
COLLECTIF,,FemInfo - la revue féministe avec une perspective féministe - Pratiques relationnelles/ Beziehungspraktiken 59/2021,23,,2,FR/DE/EN,CLASSE,REVUE,
COLLECTIF,,FemInfo - la revue féministe avec une perspective féministe - Corps/ Körper 60/2022,23,,2,FR/DE/EN,CLASSE,REVUE,
COLLECTIF,,Usure Presse,23,Z.,1,FR/ENG,CLASSE,Revue,
COLLECTIF,,The lifted veil – Women’s 19th century stories,24,,1,EN,CLASSE,ROMAN,? Panoramique
COLLECTIF,CIRA,Refuser de parvenir – Idées et pratiques,25,,1,FR,CLASSE,,
COLLECTIF,,En catimini...Histoire et communiqués des Rote Zora,25,,1,FR,CLASSE,,
COLLECTIF,EZLN – Commission sexta de l’EZLN,Pistes Zapatistes - La pensée critique face à l’hydre capitaliste,25,,1,FR,CLASSE,,
COLLECTIF,Femmes en Grève,Le temps compté de l’égalité - Réflexions féministes ,27,,1,FR,CLASSE,,
COLLECTIF,,Liberté pour tous avec ou sans papiers – Une lutte contre la machine à expulser (Paris 2006-2011),29,,1,FR,CLASSE,,
COLLECTIF,,"Calais, face à la frontière – Textes et entretiens",29,,1,FR,CLASSE,,
COLLECTIF,Lucía Le Maquis,Nous ne ferons pas marche arrière ! - Luttes contre la frontière franco-italienne à Vintimille,29,,1,FR,CLASSE,,
COLLECTIF,,On est toujours là ! 5Èmes rencontres nationales des luttes des immigrations,29,,1,FR,CLASSE,,
COLLECTIF,,Droits humains pour tou.te.s,31,,1,FR,CLASSE,MANIFESTE,
COLLECTIF,GENDERING,Petit imagier de vocabulaire sexiste et homophobe,31,,1,FR,CLASSE,IMAGIER,
COLLECTIF,,Dictionnaire critique du sexisme linguistique,31,,1,FR,CLASSE,DICTIONNAIRE,
COLLECTIF,AMNESTY INTERNATIONAL,Une égalité de droit ,36,,1,FR,CLASSE,,
COLLECTIF,Stop Masculinisme ,Contre le masculinisme – guide d’autodéfense intellectuelle,37,,1,FR,CLASSE,,
COLLECTIF,,"L’haleine des faubourgs - Ville, habitat et santé au XIXème siècle",38,,1,FR,CLASSE,,
COLLECTIF,Incendo,Genres & Classes – L’insurrection généralisée qui détruira les hommes et les femmes,38,,1,FR,CLASSE,,
COLLECTIF,,Workin class history – Everyday acts of resistance and rebellion,38,D. ,1,EN,CLASSE,,
COLLECTIF,FFGZ,Das Diaphragma - Ein sichere Alternative,40,,1,DE,CLASSE,,
COLLECTIF,GAMS Rhône-Alpes,Les fleurs coupées - Témoignages de femmes excisées,40,,1,FR,CLASSE,TEMOIGNAGE,
COLLECTIF,Groupe de travail Seveso,Seveso est partout,,,1,FR,CLASSE,,
COLLECTIF,,Les gens normaux – Paroles lesbiennes gay bi trans,42,,1,FR,CLASSE,,
COLLECTIF,La Bûche, À cases égales - Des créatrices de BD romandes planchent sur l’égalité,27/42,,1,FR,CLASSE,BD,
COLLECTIF,,"L’inadeguato, Lo inadecuado, the inadequate",11,Z.,1,ESP,CLASEE,,
COLLECTIF,Collectif et Carla Rice,Mon corps est un champ de bataille - Analyses et témoignages - tome 1,6,,1,FR ,CLASSE,"TEMOIGNAGE, ANALYSE",
COLLECTIF,Mwasi,Afrofem,20,,2,FR,CLASSE,,1 MANQUANT
COLLECTIF,Laboria Cuboniks,Manifeste Xénoféministe,25,A,1,FR,CLASSE,,
COLLECTIF,Outrans,Hormones et parcours trans,2,,2,FR,CLASSE,Brochure,
COLLINS,Kathleen,Journal d’une femme noire,20,,1,FR ,CLASSE,,
COLLECTIF,"COMITÉ D’ACTION INTERASSOCIATIF « DROIT DES FEMMES, DROIT AU SÉJOUR, CONTRE LA DOUBLE VIOLENCE »",Femmes et étrangères : Contre la double violence - Témoignages et analyses,29,,1,FR,CLASSE,,
CONDÉ,Maryse,"Moi, Tituba sorcière…",24,,2,FR,CLASSE,ROMAN,1 manquant
CONDÉ,Maryse,Unterden Mangroven,24,,1,DE,CLASSE,ROMAN,
CONSCIENCE,Marie-Aurore,Déambulante,42,,1,FR,CLASSE,,
COTLENKO,Mila,Maria Nikiforova La révolution sans attendre - L’épopée d’une anarchiste à travers l’Ukraine (1885-1919),22,,1,FR,CLASSE,,
CREVOISIER,Benoîte,Le miroir aux alouettes,24,,1,FR,CLASSE,ROMAN,
CROWDAGGER,Lizzie,Une autobiographie transsexuelle (avec des vampires),24,,1,FR,CLASSE,ROMAN,
CUBLIER,Anne,Indira Gandhi,22,,1,FR,CLASSE,,
"CUKIERMAN (dir), DAMBURY (dir), VERGÈS (dir), ATTIA, BACHELOT NGUYEN, CHAILLON, DAO, DOUMBIA, DURIMEL, EL KHARRAZE, GAY, GUELLATI, KABAL, KASSI KOUYATÉ, LECLAIRE, MARBOEUF, OBOLO, SAINTE ROSE FANCHINE","Leïla, Gerty, Françoise, Kader, Marine, Rébecca, Myriam, Eva, Daïa, Karima, Amandine, Mohamed, D’de, Hasane, Jalil, Olivier, Pascale, Sandra",Décolonisons les arts !,11,,1,FR,CLASSE,,
CY,,le vrai sexe de la vie,18,,1,FR,CLASSE,,
CYR,Mireille,Recueillir la parole de l’enfant témoin ou victime – De la théorie à la pratique,12,,1,FR,CLASSE,,
CREWES,Eleanor,Toutes les fois ou je me suis dit… Je suis gay,42,,1,FR,CLASSE,,
CÉCILE,,Année érotique ,10,,1,FR,CLASSE,,
CÉSAIRE,Aimé,"Discours sur le colonialisme, Discours sur la Négritude",16,,1,FR,CLASSE,DISCOURS,
"CÔTÉ, DALLAIRE, VÉZINA","Isabelle, Louis-François, Jean-François",Tempête dans la famille – Les enfants et la violence (2ème édition),12,,1,FR,CLASSE,,
DABIRI,Emma,Don’t touch my hair,20,,1,EN,CLASSE,,
DARNZIK,Jasmin,L’oiseau captif,22,,1,FR,CLASSE,BIOGRAPHIE,
DAUM (dir.),Meghan,Ils vécurent heureux et n’eurent pas d’enfants,40,,1,FR,CLASSE,,
DAVIS,Angela,La prison est-elle obsolète?,13,,1,FR,CLASSE,,
DAVIS,Angela,"Femmes, race et classe",20,,1,FR,CLASSE,,
DAVIS,Angela,Sur la liberté  - Petite anthologie de l’émancipation,20,,1,FR,CLASSE,,
DAVIS,Angela,Angela Davis – Autobiographie,16 / 20 / 22,Z. ,1,FR,CLASSE,Autobiographie,
DE BEAUVOIR,Simone,La Vieillesse,1,,1,FR,CLASSE,,
DE BEAUVOIR ,Simone,"Le deuxième sexe, I - Les faits et les mythes",21,,1,FR,CLASSE,,
DE BEAUVOIR ,Simone,"Le deuxiéme sexe, II - L’expérience vécue",21,,1,FR,CLASSE,,
DE DARDEL,Julie,Révolution sexuelle et Mouvement de libération des femmes à Genève (1970-1997),27,,1,FR ,CLASSE,,
DE FINA,Gabriella ,Baci d’onore et non d’amore,10,,1,IT,CLASSE,,
DE GASQUET,Dr Bernadette,Périnée : Arrêtez le massacre ! - Comment prévenir et réparer les erreurs,1,,1,FR,CLASSE,,
"DE GEMMIS, BEGNEZ","Céline, François",MOH : Palestinien mais presque,36,,1,FR,CLASSE,BD,
DE GOUGES ,Olympe,Lettre au peuple et autres textes ,21,,1,FR,CLASSE,,
DÉCHALOTTE,Mélanie,Le Livre noir de la gynécologie,40,,1,FR ,CLASSE,,
DE HENNEZEL,Marie,"L’Âge, le désir & l’amour",33/43,,1,FR,CLASSE,,
DECK,Julia,Viviane Elisabeth Fauville,24,,1,FR,CLASSE,ROMAN,
DEFORGES,Régine,La révolte des Nonnes - Poitiers 589,24,,1,FR,CLASSE,ROMAN,
"DEFORGES, ABAUZIT","Régine, Manon",Les Filles du cahier volé,22,,1,FR,CLASSE,,
DEGOUMOIS,Valy,Ainsi furent-elles - Destins au féminin,22,,1,FR,CLASSE,,
DEL CASTILLO TRONCOSO,Alberto,Las mujeres de X’oyep - La historia detràs de la fotografía,25,,1,ES,CLASSE,,
"DEL COSO, MEYER","Françine, Catherine",Oui je sais qu’un bonhomme a marché sur la lune mais c’est quand même très vague,1,G. 3. / G. 4. / G. 7.,1,FR,CLASSE,,
DELAGE,Pauline,"Droits des femmes, tout peut disparaître",21,,1,FR,CLASSE,,
DELARUE-MARDRUS,Lucie,Des battements de coeur,24,,1,FR,CLASSE,NOUVELLE / PIVE (PAULETTE),étagère à part?
DELAUME,Chloé,Le coeur synthétique ,24,,1,FR,CLASSE,,
DELBEE,Anne,Une femme,22,,3 ( 2 livres de poche et un Presse de la renaissance),FR,CLASSE,BIOGRAPHIE,
DELESSERT,Thierry,« Les homosexuels sont un danger absolu » - Homosexualité masculine en Suisse durant la Seconde Guerre Mondiale,19,,1,FR,CLASSE,,
DELORME,Wendy,Le corps est une chimère,24,,1,FR,CLASSE,ROMAN,
"DELOUPY, MERALLI",,Algérienne 1954-1962,36,,1,FR,CLASSE,ROMAN GRAPHIQUE,
DELPHY,Christine,Un troussage de domestique ,15,,1,FR,CLASSE,,
DELPORTE,Julie,Moi aussi je voulais l’emporter,22,,1,FR,CLASSE,,
DELVAUX,Martine,Le boys club,37,,1,FR,CLASSE,,
DENAES,Béatrice,Ce corps n’était pas le mien - Histoire d’une transition tant attendue,2,,1,FR,CLASSE,TEMOIGNAGE,
DERIEX,Suzanne,Les sept vies de Louise Croisier née Moraz - tome 1,24,,2,FR,CLASSE,ROMAN,
"DESCHAMPS, SOUYRIS","Catherine, Anne",Femmes publiques - Les féminismes à l’épreuve de la prostitution,4,,2,FR,CLASSE,,1 manquant
"DESCOUTURES, DIGOIX, FASSIN, RAULT","Virginie, Marie, Eric, Wilfried",Mariages et homosexualités dans le monde - L’arrangement des normes familiales,19,,1,FR,CLASSE,,
DESPENTES,Virginie,King kong théorie,15,,2,FR,CLASSE,,
DESPENTES,Virginie,Apocalypse Bébé,24,,1,FR,CLASSE,ROMAN,
DESPENTES,Virginie,Baise-moi,24,,1,FR,CLASSE,ROMAN,
DESPENTES,Virginie,Bye bye Blondie,24,,1,FR,CLASSE,ROMAN,
DESPENTES,Virginie,Les jolies choses,24,,1,FR,CLASSE,ROMAN,
DESPENTES,Virginie,Vernon Subutex 1,24,,2 (2 poches),FR,CLASSE,ROMAN,
DESPENTES,Virginie,Vernon Subutex 3,24,,1,FR,CLASSE,ROMAN,
DESPENTES,Virginie,Vernon Subutex 2,24,,2 (1 Poche et 1 Grasset),FR,CLASSE,ROMAN,
DESPENTES,Virginie,Mordre au travers - Nouvelles,24,,2,FR,CLASSE,ROMAN,
DESPLECHIN,Marie,Satin grenadine ,24,,1,FR,CLASSE,ROMAN,
DÉTREZ,Christine,La construction sociale du corps,6,,1,FR,CLASSE,,
DEYDIER,Gabrielle,On ne naît pas grosse,6,,2,FR,CLASSE,,
DIAMOND,Morty,"Tans/love - radical sex, love and relationships beyond the gender binary",18 / 19 / 33,E.4 / F.,1,EN,CLASSE,,
DIANGELO,Robin,Fragilité blanche - Ce racisme que les blancs ne voient pas,16,,1,FR,CLASSE,,
DIANGITUKWA,Fweley,La thèse du complot contre l’Afrique – Pourquoi l’Afrique ne se développe pas,16,,2,FR,CLASSE,,
DIANTANTU,S.,Mémoire de l'esclavage tome 1: Bulambemba,42,,1,FR,CLASSE,,
DICKINSON,Emily,Selected poems of Emily Dickinson,10,,1,EN,CLASSE,POESIE,
DIENG,Rama Salla,Féminismes africains – une histoire décoloniale,2 / 20,,1,FR,CLASSE,,
DIGNARD,Sara,Te dire ou ,10,,1,FR,CLASSE,,
DIMASSA,Diane,The revenge of Hothead Paisan – Homicidal Lesbian Terrorist,19,,1,FR,CLASSE,,
DIMOVA,Théodora,Mères,24,,1,FR,CLASSE,ROMAN,
DIOME,Fatou,Celles qui attendent,24,,2,FR,CLASSE,ROMAN,1 manquant
DIOME,Fatou,Le ventre de l’Atlantique,24,,1,FR,CLASSE,ROMAN,
DJINDA,Vincent,Et pourtant elles dansent…,42,,1,FR,CLASSE,BD,
DOGAN,Zehra,Prison n°5,13 / 36 / 40 / 42,,1,FR,CLASSE,BDS,
DOLEYRES,Suzy,Fin d’éclipse,24,,1,FR,CLASSE,ROMAN,
DORLIN,Elsa,"Sexe, genre et sexualités - Introduction à la théorie féministe",2,,1,FR,CLASSE,,
DORLIN,Elsa,Se défendre - Une philosophie de la violence,32,,2,FR,CLASSE,,Manque un exemplaire
DOURU,Muriel,Putain de vies ! - Itinéraires de travailleuses du sexe,4/42,,1,FR,CLASSE,,
DROUAR,Juliet,Sortir de l’hétérosexualité,19,,1,FR,CLASSE,,
DUBUIS,Alexandre,Grands brûlés de la face - Épreuves et luttes pour la reconnaissance,30,,1,FR,CLASSE,,
DUCREST,Danièla,Plantes tinctoriales 2 - Du jardin à la cuve,1,,1,FR,CLASSE,ZINE,
"DUCREST,ROBERT,MÜLLER","Danièla, Mary-Claude, Gino","Ail et oignons, du mythe à la gastronomie",1,,1,FR,CLASSE,ZINE,
"DUCRÉTOT, JEHAN","Solène, Alice",Après la pluie – Horizons économistes,39,,1,FR,CLASSE,,
"DUDA, PUSH","Sibylle, Luise F.",WahnsinnsFrauen,14,,1,DE,CLASSE,,
DUDEN,Barbara,L’invention du fœtus - Le corps féminin comme lieu public,3,,1,FR,CLASSE,,
DUFOIX,Stephane,La dispersion - Une histoire des usages du mot diaspora,16,,1,FR,CLASSE,,
DUFOUR,Catherine,Guide des métiers pour les petites filles qui ne veulent pas finir princesses,12,,1,FR,CLASSE,,
DUPUIS-DÉRI,Francis,Nous n’irons plus aux urnes - Plaidoyer pour l’abstention,25,,1,FR,CLASSE,,
DUPUIS-DÉRI,Francis,La crise de la masculinité - Autopsie d’un mythe tenace,37,,1,FR,CLASSE,,
DÉCHALOTTE,Mélanie,Le Livre noir de la gynécologie,40,,1,FR ,CLASSE,,
D'EAUBONNE,Françoise,Le féminisme ou la mort,39,,1,FR,CLASSE,,
DÉTREZ,Christine,La construction sociale du corps,6,,1,FR,CLASSE,,
"EASTON, HARDY","Dossie, Janet",L’art de se soumettre,18,,1,FR,CLASSE,,
"EASTON, HARDY","Dossie, Janet W.","Etica Promiscua - Une guía pràctica para el poliamor, las relacions abiertas y otras aventuras",33,,1,ES,CLASSE,,
"EASTON, HARDY","Dossie, Janet W.","The ethical slut - A practical guide to polyamory, open relationships and other adventures",33,,1,EN,CLASSE,,
EBEL,Louise,Excessives ! -  Destins de femmes incroyables au XIXème siècle,22,,1,FR,CLASSE,,
EDGARD-ROSA,Clarence,Les gros mots – abédécaire joyeusement moderne du féminisme,31,,1,FR,CLASSE,ABÉCÉDAIRE,
EDUARDO AGUALUSA,José Eduardo,Théorie générale de l’oubli,24,,1,FR,CLASSE,,
EGA,Françoise,Lettre à une noire,22,C. / D.,1,FR,CLASEE,,
EGGLI,Ursula,Kassandra-Rufe,14,,1,DE,CLASSE,,
"EGRET, ANDERSON","Eliza, Tom",Struggles for Autonomy in Kurdistan - Corporate complicity in the repression of social movements in Rojava & Bakur,25,,1,EN,CLASSE,,
"EHRENREICH, ENGLISH","Barbara, Deirdre","Fragiles ou contagieuses, le pouvoir médical et le corps des femmes",38,,1,FR,CLASSE,,
EISENDLE,Helmut,La mort par les plantes - Glossaire des plantes toxiques & de leur utilisation à l’usage du malfaiteur asthénique,1/7,,1,FR,CLASSE,,
"EL MAKKI, GRILLET","Laura, Pierre",Les INCOMPRISES,22,,1,FR,CLASSE,,
EL-CHEIKH,Hanan,Femmes de sable et de myrrhe,24,,1,FR,CLASSE,ROMAN,
EL-CHEIKH,Hanan,Toute une histoire,24,,1,FR,CLASSE,ROMAN,
ELTAHAWY,Mona,Fuck le patriarcat ! - Les 7 péchés pour prendre le pouvoir,20,,1,FR,CLASSE,,
EMANUELLE,Camille,Le goût du baiser,14/ 24,E. / J. / N. ,1,FR,CLASSE,ROMAN,
EMECHETA,Buchi,Citoyen de seconde zone,24,,1,FR,CLASSE,ROMAN,
EMMA,,Des princes pas si charmants - Et autres illusions à dissiper ensemble,42,,1,FR,CLASSE,,
EMMA,,Un autre regard 2,42,,1,FR,CLASSE,,
EMMANUELLE,Camille,"Lettre à celle qui lit mes romances érotiques, et qui devrait arrêter tout de suites",18,,1,FR,CLASSE,,
ERDOGAN,Asli,Le silence même n’est plus à toi ,22,,1,FR,CLASSE,RECIT AUTOBIOGRAPHIQUE,
ERNAUX,Annie,La place,24,,2,FR,CLASSE,ROMAN,
EVARISTO,Conceiçâo,Insoumises,20,,1,FR,CLASSE,,
EVARISTO,Bernardine,"Girl, woman, other",20 / 24,A.2. / J. ,1,EN,CLASSE,ROMAN,
FABBRI,Sandrine,La béance,24,,1,FR,CLASSE,ROMAN,
EVARISTO,Bernadine,"Fille, femme, autre",20 / 24, A.2. / J.,2,FR,CLASSE,ROMAN,
FANON,Frantz,Les damnés de la terre,16,,1,FR,CLASSE,ESSAI,
FANON,Frantz,"Peau noire, masques blancs",16,,1,FR ,CLASSE,ESSAI,
FARAH,Nuruddin,Née de la côte d'Adam,24,,1,FR,CLASSE,ROMAN,
FASSIN,Eric,L’inversion de la question homosexuelle,19,,1,FR,CLASSE,,
FAURE,Valentine,"Lorsque je me suis relevée, j’ai pris mon fusil – Imaginer la violence des femmes",15,,1,FR,CLASSE,,
FAVIER,Emmanuelle,Le courage qu’il faut aux rivières,24,,1,FR,CLASSE,ROMAN,
FAVRE,Adeline,"Moi, Adeline, accoucheuse",22,,1,FR,CLASSE,,
"FAYEZ, MELLY","Aiat, Charlotte",Un pays dans le ciel,29/42,L. / Q.4.,1,FR,CLASSE,BD,
FEDERICI,Silvia,Par-delà les frontières du corps,6,,1,FR,CLASSE,,
FEDERICI,Silvia,Le capitalisme patriarcal,38,,1,FR,CLASSE,,
FEDERICI,Silvia,"Caliban et la sorcière – Femmes, corps et accumulation primitive",38,,3,FR,CLASSE,,
FEDERICI,Silvia,Une guerre mondiale contre les femmes – Des chasses aux sorcières au féminicide,39,,1,FR,CLASSE,,
FEINBERG,Leslie,Stone Butch Blues,22,,2,FR,CLASSE,,
FELDMANN,Christian,Hildegard von Bingen - Nonne und Genie,22,,1,DE,CLASSE,,
FELICITAS JAIME,Maria,Cris & Cris,24,,1,ES,CLASSE,ROMAN,
"FELTEN, FREY, PITTNER, RUSTERHOLTZ, WICKI","Margrith Von, Rosmarie, Ulrike, Ingrid, Hannah",Achtung Mädchen : Fur ein sexismusfreis Bildungswesen,12,,1,DE,CLASSE,,
FERNEY,Alice,L’élégance des veuves,24,,1,FR,CLASSE,ROMAN,
FERRANTE,Elena,La vie mensongère des adultes,24,,1,FR,CLASSE,ROMAN,
FERRANTE,Elena,"L’amie prodigieuse - Enfance, adolescence",24,,1,FR,CLASSE,ROMAN,
FERRANTE,Elena,Le nouveau nom - L’amie prodigieuse II - Jeunesse,24,,1,FR,CLASSE,ROMAN,
FERRARI-CLEMENT,Josiane,"Marguerite, sage-femme vaudoise ou la naissance autrefois",40,G.2.,1,FR,CLASSE,,
FERRIS,Emil,"Moi, ce que j’aime, c’est les monstres - Livre premier",42,,1,FR,CLASSE,BD,
FERRIS,Emil,"Moi, ce que j’aime, c’est les monstres – Livre premier - édition limitée créature",42,,1,FR,CLASSE,À consulter sur place,
COLLECTIF,Fiasko,N°6 juillet 2020,23,C. / Q.4.,1,DE/FR/ESP/TU/EN,CLASSE,,
FINET (cor.),Hélène,Libertarias – Femmes anarchistes espagnoles,25,,1,FR,CLASSE,,
FISHER,"Owl, Fox",Trans teen survival guide,19,B.,1,EN,CLASSE,,
"FITZGERALD, MARQUEZ","Tom, Lorenzo",Legendary Children - the First Decade of RuPaul’s Drag Race and the Last Century of Queer Life,2,,1,EN,CLASSE,,
FLAMENT,Flavie,La consolation -Récit,15,,1,FR,CLASSE,RECIT,
FLEMING,Jacky,Le problème avec les femmes,42,,1,FR,CLASSE,,
"FLEXNER, FITZPATRICK","Eleanor, Ellen",Century of struggle - The woman’s rights movement in the United States,21,,1,EN,CLASSE,,
"FONT, MAUREL","Elodie, Carole",Coming in,42,L.,1,FR,CLASSE,,
FONTAINE,Anouck,Les pieds nus,42,,1,FR,CLASSE,,
FOREST,Eva,Journal et lettres de prison,13,Q.1.,1,FR,CLASSE,,
FORNA,Aminata,Les jardins des femmes,24,,1,FR,CLASSE,ROMAN,
FORTÚN ,Elena,Oculto sendero,22,,1,ESP,CLASSE,,
FRACHEBOUD,Virginie,L’introduction de l’assurance invalidité en Suisse,14,,1,FR,CLASSE,,
FRAME,Janet,"Ma terre, mon île - Un ange à ma table, volume I",24,,1,FR,CLASSE,ROMAN,
FRANÇOIS,Jocelyne,Les amantes,24,,1,FR,CLASSE,ROMAN,
"FREEDMAN (dir), VALLUY (dir)","Jane, Jérôme","Persécutions des femmes – Savoirs, mobilisations et protections",28,,1,FR,CLASSE,,
FRENCH,Marilyn,The women’s room ,24,,1,EN,CLASSE,ROMAN,
FRIDAY,Nancy,L’empire des femmes – Les femmes ont changé. Elles confient leurs fantasmes sexuels,18,,1,FR,CLASSE,,
"FRIER, JACKOWSKI","Raphaële, Amélie",Bois profonds,10,K. ,1,FR/AR,CLASSE,,
"FRIGON (dir.), LE BRETON, ROBERT, DUFRESNE, HOLMES, J.MURRAY, R. SHANTZ, CELLARD, CAUCHIE, CORRIVEAU, BRUCKERT, LEHALLE, PERREAULT, M.KILTY, JENNY","Sylvie, David, Dominique, Martin, Dave, Stuart, Laura, André, Jean-François, Patrice, Chris, Sandra, Isabelle, Jennifer, Claire","Corps suspect, corps déviant",6,,1,FR,CLASSE,,
FRMK,Doubleblob,Le chat n’as pas de bouche vous aime beaucoup,42,,1,FR,CLASSE,,
FUMETTIBRUTTI,P.,Mon adolescence trans,19/22/42,B./ L.,1,FR,CLASSE,,
GABARD,Mathieu,CRA  - 115 d’hommes séquestrés,13,,1,FR,CLASSE,,
GAGARIM,Yori,Let them talk ! - What genitals have to say about gender,19,B.,1,EN,CLASSE,,
GAILLARD,Ursula,"Mieux qu’un rêve, une grève ! – La grève des femmes du 14 juin 1991 en Suisse",27,,3,FR,CLASSE,,2 manquants
"GAILLARD, MAHAIM","Ursula, Annik",Retard de règles,3,,1,FR,CLASSE,,
GALANAKI,Rhéa,"Éléni, ou personne",22,,1,FR,CLASSE,,
GALANAKI,Rhéa,L'ultime humiliation,24,,1,FR,CLASSE,ROMAN,
GALEY,Iris,Ich weinte nicht als vater starb,15,,1,DE,CLASSE,,
GALVÃO,Patrícia (Pagu),Matérialisme & zones érogènes – Autobiographie précoce,22,,1,FR,CLASSE,,
GAMBLIN,Guillaume,L’insolente – Dialogues avec Pinar Selek,20,,1,FR,CLASSE,,
"GANDNER, NAHON","Céline, Maël",Je suis Sofia,42,,1,FR,CLASSE,BD,
"GARGAM, LANÇON","Adeline, Bertrand",Histoire de la misogynie - Le mépris des femmes de l’antiquité à nos jours,21,,1,FR,CLASSE,,
GAUME,Myriam,Kosovo : la guerre cachée,36,,1,FR,CLASSE,,
GAUTHIER,Xavière,Avortées clandestines,3,,1,FR,CLASSE,,
GAUTHIER,Xavière,On les appelait pétroleuses,22,Z.,1,FR,CLASSE,,
GAY,Roxane,Hunger – Une histoire de mon corps,6,,1,FR,CLASSE,ESSAI,
GAY,Roxane,Bad feminist,20,,2,FR,CLASSE,,
GAY,Roxane,Ayiti,24,,1,FR,CLASSE,ROMAN,
GAY,Amandine,Une poupée en chocolat,34,,1,FR,CLASSE,ESSAI AUTOBIOGRAPHIQUE,
COLLECTIF,Gay Liberation Front,Come out! Selections from the radical gay liberation newspaper,19,,1,FR,CLASSE,,
"GAZSI, KESTENBERG, GOMARGU, GAYET","Mélina, Suzanne, ., Julie",Elles ont été les premières ! - 100 femmes exceptionnelles,22,,1,FR,CLASSE,,
GELDERLOOS,Peter,Como la no-violencia protege al estado,32,,1,ESP,CLASSE,,
GELDERLOOS,Peter,L’échec de la non-violence // Du printemps arabe à Occupy,32,,1,FR,CLASSE,,
GELDERLOOS,Peter,Comment la non-violence protège l’état – Essai sur l’inefficacité des mouvements sociaux,32,,1,FR,CLASSE,,
"GENDRON, HIESTAND, STUEBIG","Geneviève, Gertrude, Karin",Le temps d’après,5,,1,FR,CLASSE,,
GENMOR,Charlie,Tout va bien,14 /42,L. / N.,1,FR,CLASSE,BD,
GENNARI,Geneviève,J’avais vingt ans - Journal (1940-1945),22,,1,FR,CLASSE,,
GERARD,Nicole,Sept ans de pénitence,13,,1,FR,CLASSE,,
GERMAIN,Sylvie,L’enfant méduse,24,,1,FR,CLASSE,ROMAN,
GIANINI BELOTTI,Elena,Du côté des petites filles,12,,1,FR,CLASSE,,
GILL,Nikita,"Wild embers – Poems of rebellion, fire and beauty",10,,1,EN,CLASSE,,
GILL,Nikita,Fierce fairytales & other stories to stir your soul,39,,1,FR,CLASSE,,
"GILLIOZ, DE PUY, DUCRET","Lucienne, Jacqueline, Véronique",Domination et violence envers la femme dans le couple,28,,1,FR,CLASSE,,
GLICK,Elisa,Materializing Queer Desire,19,,1,EN,CLASSE,,
GOLDMAN,Emma,Vivre ma vie,22,,1,FR,CLASSE,,
GOLDMAN,Emma,L’épopée d’une anarchiste - New York 1886- Moscou 1920,22,,1,FR,CLASSE,,
GONARD,Laurie,Comme une volière dans la tête,10,,1,FR,CLASSE,,
"GOSTELI (dir.), MOSER","Marthe, Peter","Une paysanne entre ferme, marché et associations – Textes d’Augusta Gillabert-Randin 1918-1940",27,,1,FR,CLASSE,,
GRENNVALL,Åsa,Septième étage,42,,1,FR,CLASSE, ,
GROULT,Benoîte,Mon évasion - Autobiographie,22,,1,FR,CLASSE,AUTOBIOGRAPHIE,
"GRÜTTER, RYTER","Karin, Annemarie",Starker als ihr denkt - Ein Kapitel verschwiegener Geschichte,24,,1,DE,CLASSE,ROMAN,
"GUBIN (dir.), JACQUES, ROCHEFORT, STUDER, THÉBAUD, ZANCARINI-FOURNEL","Eliane, Catherine, Florence, Brigitte, Françoise, Michelle",Le siècle des féminismes,21,,1,FR,CLASSE,,
GUELPA,Béatrice,Sorties - Parcours de cinq détenus,13,,1,FR,CLASSE,,
GUILLAUMAUD-PUJOL,Claude,"Prisons de femmes – Janine, Janet & Debbie, une histoire américaine",13,,1,FR,CLASSE,,
GUINAND,Julie,Hors-la-loi,24,,1,FR,CLASSE,NOUVELLE / PIVE (PAULETTE),étagère à part?
GYASI,Yaa,No home,16 / 24,,2 (grand et petit format),FR ,CLASSE,ROMAN,1 manquant
GÜSTIN,Jo,"Ah Sissi, il faut souffrir pour être française !",16,,1,FR,CLASSE,ROMAN,
GUYARD,Alain,"22 leçons de philosophie par et pour les mauvaises filles, les goudous, les travelos, les couires, les petits pédés et les grandes folles",21,,1,FR,CLASSE,,
HABIB,Stéphane,Il y a l’antisémitisme,16,,1,FR,CLASSE,,
HADDAD,Joumana,Le livre des reines,24,,1,FR ,CLASSE,ROMAN,
HAGEN,Sofie,Happy fat - Taking up space in a world that wants to shrink you,6,,1,EN,CLASSE,,
HAIDAR,Sarah,La morsure du coquelicot,25,,1,FR,CLASSE,,
HALBERSTAM,Jack,Trans* - A quick and quirky account of gender variability,2,,1,EN,CLASSE,,
HALIMI,Gisèle,La cause des femmes,3,,3 (1 folio et 2 Grasset),FR,CLASSE,,
HALL,Edith,Canary girls & Stockpots,22,,1,EN,CLASSE,,
HALL,Sarah,Soeurs dans la guerre,24,J.,1,FR,CLASSE,,
HALPERIN,David,Que veulent les gays ?,19,,2,FR,CLASSE,,
"HAMROUNI, MAILLÉ","Naïma, Chantal",Le sujet du féminisme est-il blanc ? - Femmes racisées et recherche féministe,20,,1,FR,CLASSE,,
HANIKA,Beate Teresa,Le cri du petit chaperon rouge,15,,1,FR ,CLASSE,,
HARAWAY,Donna J.,Vivre avec le trouble ,21/22,,1,FR,CLASSE,,
HARJO,Joy,L’aube américaine,10,,1,EN/FR,CLASSE,,
HARJO,Joy,Crazy Brave - Le chant de mes combats,22,,1,FR,CLASSE,,
HARMANGE,Pauline,"Moi les hommes, je les déteste",37,,1,FR,CLASSE,,
HARPMAN,Jacqueline,Moi qui n’ai pas connu les hommes,24,,1,FR ,CLASSE,ROMAN,
HARTLEY,Jenny,Millions like us - British women’s fiction of the Second World War,21,,1,EN,CLASSE,,
HASHIMI,Nadia,La perle et la coquille,24,,1,FR,CLASSE,ROMAN,
HASINOFF,Amy Adele,"Sexting panic – Rethinking criminalization, Privacy and Consent",15,,1,EN,CLASSE,,
HELLER,Geneviève,Ceci n’est pas une prison - La maison d’éducation de Vennes. Histoire d’une institution pour garçons délinquants en suisse romande (1805-1846-1987),13,,1,FR,CLASSE,,
"HENNING, BREMER-OLSZEWSKI","Ann-Marlene, Tina",Make love – Une éducation sexuelle,18,,1,FR,CLASSE,,
HENNINGS,Emmy,Prison,4/13,O.1 / Q.1,1,FR,CLASSE,,
"HEYER (dir.), REYNAUD PALIGOT","Evelyne, Carole",Nous et les autres – des préjugés au racisme,16,C.,1,FR,CLASSE,,
HILL COLLINS,Patricia,"Black feminist thought – Knowledge, consciousness and the politics of empowerment",20,,1,EN,CLASSE,,
HILL COLLINS,Patricia,La pensée féministe noire,20,A.2.,1,FR,CLASSE,,
"HIRATA (dir.), LABORIE, LE DOARÉ, SENOTIER","Helena, Françoise, Hélène, Danièle",Dictionnaire critique du féminisme,31,,1,FR,CLASSE,,
HINES ,Sally,Is Gender Fluid? - A primer fo the 21st century,2,,1,EN,CLASSE,,
HIRIGOYEN,Marie-France,Femmes sous emprise – Les ressorts de la violence dans le couple,28,,1,FR,CLASSE,,
HITE,Shere,Le rapport Hite,18,,1,FR,CLASSE,,
HOFFMAN-FOX,Dara,You and your gender identity – A guide to discovery,2,,1,EN,CLASSE,,
HOLLIDAY WILLEY,Liane,Vivre avec le syndrome d’Asperger - Un handicap invisible au quotidien,14,,1,FR,CLASSE,,
HOLLOWS,Joanne,"Feminism, femininity and popular culture",21,,1,EN,CLASSE,,
hooks,bell,Rock my soul – Black people and self-esteem,16,,1,EN,CLASSE,,
hooks,bell,De la marge au centre - Théorie féministe,20,,1,FR,CLASSE,,
hooks,bell,All about love - New visions,20,,1,EN,CLASSE,,
hooks,bell,Ne suis-je pas une femme ? - Femmes noires et féminisme,20,,2,FR,CLASSE,,
hooks,bell,El feminismo es para todo el mundo,20,,1,ESP,CLASSE,,
hooks,bell,"The will to change – men, masculinity and love",37,A.6,1,EN,CLASSE,,
hooks,bell,Apprendre à transgresser - L’éducation comme pratique de la liberté,16/20,,1,FR,CLASSE,,
HOPKINSON,Nalo,En direct de la planète minuit – celle qui s’adresse au peuple blanc,16 / 24,A.2,1,FR,CLASSE,NOUVELLES ,SF 
HOUARI,Leïla,Zeïda,24,,1,DE,CLASSE,ROMAN,
HOUBRE,Gabrielle,"Les deux vies d’Abel Barbin, né Adélaïde Herculine (1838-1868)",2,,1,FR,CLASSE,,
HOUDYER,Paulette,Le diable dans la peau ,22,,1,FR,CLASSE,,
HUDSON,Kerry,Basse naissance,22,Z.,1,FR,CLASSE,,
HUGHES,Langston,La panthère et le fouet,10,C. / K. ,1,FR,CLASSE,,
HUMPHREYS,Laud,Le commerce des pissotières,19,,1,FR,CLASSE,,
"HUSSON, MATHIEU","Anne-Charlotte, Thomas",Le genre – Cet obscur objet du désordre,19 / 42,L.,1,FR,CLASSE,BD,
HUSTON,Nancy,Reflets dans un œil d’homme,21,,1,FR,CLASSE,ESSAI,
HUSTON,Nancy,Lignes de faille,24,,1,FR,CLASSE,ROMAN,
HUSTON,Nancy,Sensations fortes,24,,1,FR,CLASSE,ROMAN,
HUSTON,Nancy,Bad girl,19 / 24,,1,FR,CLASSE,ROMAN,
HYRRI,Juliana,Le rossignol ne chantera pas,42,H. / L. ,1,FR,CLASSE,,
IAKHINA,Gouzel,Zhouleika ouvre les yeux,24,,1,FR,CLASSE,ROMAN,
"IANTAFFI, BARKER","Alex, Meg-John",Vous n’êtes pas binaire – (personne ne l’est !),19,A.1.,1,FR,CLASSE,,
IAROSLAVSKAÏA-MARKON,Evguénia,Révoltée,22,,1,FR,CLASSE,,
ILLOUZ,Eva,Pourquoi l’amour fait mal ? - L’expérience amoureuse dans la modernité,33,,1,FR,CLASSE,,
IRENE,,La terreur féministe – Petit éloge du féminisme extrémiste,32,Q.3.,1,FR,CLASSE,,
"JACKSON, CLARK","Shelly Lynn, Ethan","The chainbreaker, Bike Book - A rough guide to bicycle maintenance ",8,,1,FR,CLASSE,,
JASPARD,Maryse,"Je suis à toi, tu es à moi - Violence et passion conjugale",28,,1,FR,CLASSE,,
JEMISIN,N.K.,Les livres de la terre fracturée- 2. La porte de cristal,24,,1,FR,CLASSE,ROMAN,
JEMISIN,N.K,The fifth season,24,,1,EN,CLASSE,,
JOHNSON,Jocelyn Nicole,My Monticello,24,J.,1,ENG,CLASSE,,
JOMINI-MAZONI,Regina,Écoles anarchistes au Brésil (1889-1920),12,,1,FR,CLASSE,,
JONES,Tayari,Un mariage américain,24,,1,FR ,CLASSE,ROMAN,
"JONES, GOLDEN, ILES","Kellie, Thelma, Chrissie",Lorna Simpson,11,Z.,1,ENG,CLASSE,,
"JORIS (dir.), WITZIG (dir.), ALT, ANDEREGG, BLOSSER, BUCHELI, CHIQUET, HUBER, JORIS, PRODOLLIET, SUTTER, ULRICH, WITZIG","Elisabeth, Heidi, Marianne, Susanne, Ursi, Monika, Simone, Doris, Elisabeth, Simone, Eva, Anita, Heidi",Frauengeschichte(n) – Dokumente aus zwei Jahrhunderten zur Situation der Frauen in der Schweiz,21,,1,DE,CLASSE,,
"JOUVET, JACQUIER, INDIA, MERTZ, MILHOVITCH, GAILLARD, ALKAN, JOSEPH, ELEGY, GOBRAIT, BROUILLETTE, ARMESTO","Emilie, Céline,Virginie d, Fanny, Refca, Anne, Judith, Rae, , Nolwenn, Silvie, Carole",Immersion totale – Nouvelles,24,,1,FR,CLASSE,ROMAN,
JUNG,,Couleur de peau : Miel – Tome 1,34,,1,FR,CLASSE,"RECIT AUTOBIOGRAPHIQUE, ROMONT GRAPHIQUE",
JUNG,,Couleur de peau : Miel – Tome 2,34,,1,FR,CLASSE,"RECIT AUTOBIOGRAPHIQUE, ROMONT GRAPHIQUE",
JUNG,,Couleur de peau : Miel – Tome 3,34,,1,FR,CLASSE,"RECIT AUTOBIOGRAPHIQUE, ROMONT GRAPHIQUE",
JUNG,,Couleur de peau : Miel – Tome 4,34,,1,FR,CLASSE,"RECIT AUTOBIOGRAPHIQUE, ROMONT GRAPHIQUE",
JUNOD,Roger-Louis,Alice Rivaz,22,,1,FR,CLASSE,,
K.,Marina,Je suis grosse,6,,1,FR,CLASSE,,
K.,Sanaa,Le silence des étoiles,42,L.,1,FR,CLASSE,BD,
KACIMI,Nedjma,Sensible,29,A.2.,1,FR,CLASSE,,
"KAISER, SALABERRIA","Lisbeth, Leire",Maya Angelou,41,M,1,EN,CLASSE,,
KALLER,Matt,Teeny weenies – and other short subjects,19,B.,1,EN,CLASSE,,
KARCHER,Katharina,Sisters in arms - Militant Feminisms in the Federal Republic of Germany since 1968,25,,1,FR,CLASSE,,
KAUR,Rupi,milk and honey,10,K. ,2,EN,CLASSE,,
KAUR,Rupi,home body,10,K. ,1,EN,CLASSE,,
KAUR,Rupi,the sun and her flowers,10,,1,EN,CLASSE,,
KAYE,Julia,Super late bloomer - my early days in transition,42,,1,EN,CLASSE,BD,À consulter sur place
"KAZUNE ZULU, A. COLLINS","Princess,Belinda","Princess, la guerrière – Se battre contre le sida avec courage et espoir",30,,1,FR,CLASSE,,
KELLER,Andrea,Lesben Komisch,42,,1,DE,CLASSE,,
KELLY,Ford,The afrofuturist coloring book – Vol.2 the dreamscape edition,16 / 32,C. ,1,EN,CLASSE,Coloriage,
KEMMERER (ed.),Lisa,"Sister species – women, animals, and social justice",26,,1,EN,CLASSE,,
KENDALL,Mikki,Hood feminism – Notes from the women white feminists forgot.,20,,1,EN,CLASSE,,
KENNEDY,A.L.,Paradis,24,,1,FR ,CLASSE,ROMAN,
KERMODE,Jennie,Growing older as a trans and / or non-binary person – Support guide,19,B.,1,EN,CLASSE,,
KETTENMANN,Andrea,Kahlo – 1907 – 1954 -  Souffrance et passion,22,Z.,1,FR,CLASSE,Biographie,
KHAN (ed.),Mariam,"It’s not about the burqa – Muslim women on faith, feminism, sexuality and race",20,,1,EN,CLASSE,,
KIMBALL,Nell,Nell Kimball - Mémoires d’une maîtresse américaine,22,,1,FR,CLASSE,,
KINGSOLVER,Barbara,Un autre monde,24,,1,FR,CLASSE,ROMAN,
"KIRSCHEN, GOGUSEY","Marie, Anna Wanda",Herstory – Histoire(s) des féminismes,21,,1,FR,CLASSE,,
KLEIN,Naomi,Journal d’une combattante – Nouvelles du front de la mondialisation,25,,1,FR,CLASSE,ESSAI,
KOBABE,Maia,Genre queer – Une autobiographie non-binaire,2/19/22/42,B./ L. ,1,FR,CLASSE,,
KOKOREFF,Michel,"Violences policières, généalogie d’une violence d’état",13,,1,FR,CLASSE,,
KORMAN,Cloé,Tu ressembles à une juive,16,,1,FR ,CLASSE,,
KORNELIUSSEN,Niviak,Homo Sapienne,24,,1,FR,CLASSE,ROMAN,
KRATTIGER (ed.),Ursa,"Randalierende Lehrerinnen, der basler lehrerinnenstreik vom 3. februar 59",27,,1,DE,CLASSE,,
KRISTOF,Agota,Le grand cahier,24,,1,FR,CLASSE,ROMAN,
"KRÉFA, LE RENARD","Abir, Amélie",Genre et féminismes au Moyen-Orient et au Maghreb,20,,1,FR,CLASSE,,
KUTHY SALVI,Brigitte,Double lumière,24,,1,FR,CLASSE,ROMAN,
KUZWAYO,Elen,Femme et noire en Afrique du Sud,22,,1,FR,CLASSE,,
"KWAKYE, OGUNBIYI","Chelsea, Ore",The black girl’s manifesto for change - Taking up space,16,,1,EN,CLASSE,MANIFESTE,
KYOU,,Beau comme une prison qui brûle,13,Q.1,1,FR,CLASSE,,
"LA BARBA, CATTACIN, ORIS, STOHR","Morena, Sandro, Michel, Christian",La migration italienne dans la Suisse d’après-guerre,29,,1,FR,CLASSE,,
LA DÉFERLANTE,,N°6 Juin 2022,23,Z,1,FR,CLASSE,,
LA DÉFERLANTE,,N°3 septembre 2021,23,Z,1,FR,CLASSE,,
LA DÉFERLANTE,,N°5 mars 2022,23,Z,1,FR,CLASSE,,
LABBIZE,Saoud,Enjamber la flaque ou se reflète l’enfer,15,,1,FR,CLASSE,,
LABÉ,Louise,"Sonnets-Élégies, Débat de folie et d’amour",10,,1,FR,CLASSE,,
LABELLE,Sophie,Le monde a besoin de plus de personnes trans,42/2,1,FR,CLASSE,BD,,
LAFON,Lola,Chavirer,24,,1,FR,CLASSE,ROMAN,
LAFOSSE DAUVERGNE,Geneviève,Mode & fétichisme,18,,1,FR,CLASSE,,
"LAINÉ,NAVIE",Audrey,moi en double,6,E.3,1,FR,CLASSE,,
LAMOUILLE,Madeleine,Pipes de terre et pipes de porcelaine - Souvenirs d’une femme de chambre en Suisse Romande 1920-1940,22,,1,FR ,CLASSE,,
LAMRABET,Asma,Islam et femmes – Les questions qui fâchent,20,,1,FR,CLASSE,,
LAQUEUR,Thomas,La fabrique du sexe - essai sur le corps et le genre en Occident,2,,1,FR,CLASSE,,
"LARTET-GEFFARD (réc.), Groult (pre.)","Josée, Benoîte",Paroles de femmes,31,,1,FR,CLASSE,,
LARUE,Ian,Libère-toi cyborg !,19,,1,FR,CLASSE,,
LAURIER THE FOX,,Reconnaitrans – Témoignages,19,,1,FR,CLASSE,,
LAVRENTIVA,Olga,Survilo ,42,,1,FR,CLASSE,,
LE GARREC,Evelyne,"Séverine, une rebelle, 1855-1929",22/25,Z.,1,FR,CLASSE,,
LE GUIN,Ursula K.,"Danser au bord du monde – Mots, femmes, territoires",20,,1,FR,CLASSE,,
LE GUIN,Ursula K.,Le cycle de Hain : La main gauche de la nuit,24,,2,FR,CLASSE,ROMAN,
LE GUIN,Ursula K.,Le cycle de Terremer III : Contes de Terremer,24,,1,FR,CLASSE,ROMAN,
LE GUIN,Ursula K.,Le cycle de Hain : Les dépossédés,24,,1,FR,CLASSE,ROMAN,
LE GUIN,Ursula K.,Le cycle de Terremer II : Tehanu,24,,1,FR,CLASSE,ROMAN,
LE GUIN,Ursula K.,Terremer,24,,1,FR,CLASSE,ROMAN,
LE GUIN,Ursula K.,Le cycle de Hain : La cité des illusions,24,,1,FR,CLASSE,ROMAN,
LE GUIN,Ursula K.,Le cycle de Hain : Le dit d’Aka suivi de Le nom du monde est forêt,24,,1,FR,CLASSE,ROMAN,
LE GUIN,Ursula K.,L’autre côté du rêve,24,,1,FR,CLASSE,ROMAN,
LE GUIN,Ursula K.,L’effet churten,24,,1,FR,CLASSE,ROMAN,
LE GUIN,Ursula K.,Le cycle de Hain : Le monde de Rocannon,24,,1,FR,CLASSE,ROMAN,
LE GUIN,Ursula K.,Le cycle de Hain : Planète d’exil,24,,1,FR,CLASSE,ROMAN,
LE QUERREC,Perrine,Les alouettes,10 / 28,A.4. / K.,1,FR,CLASSE,Poésie,
LECLÈRE,Françoise,Journal d’une grosse qui réfléchit,6,,1,FR,CLASSE,,
LEDUC,Violette,La bâtarde,24,,2,FR,CLASSE,ROMAN,
LEDUC,Violette,L’affamée,24,,1,FR,CLASSE,ROMAN,
LEFÈVRE,Kim,Métisse blanche,22,,1,FR,CLASSE,,
LEILANI,Raven,Affamée,20,,1,FR,CLASSE,,
"LEKSIR, SÉGURE","Shérazade, Céline",T’as un joli visage,6,E.3.,1,FR,CLASSE,,
"LENROUILLY, TAIEB","Juliette, Léa",Parlons poil ! - Le corps des femmes sous contrôle,6,,1,FR,CLASSE,,
LEPORI,Pierre,Sans peau,24,,1,FR ,CLASSE,,
"LEQUETTE (dir.), LE VERGOS (dir.)","Samuel, Delphine",Cours petite fille ! - #METOO #TIMESUP #NOSHAMEFIST,15,,1,"FR, AR",CLASSE,,
LESAGE DE LA HAYE,Jacques,L’abolition de la prison ,13,,1,FR,CLASSE,,
LESSING,Doris,"L’amour, encore",24,,1,FR,CLASSE,ROMAN,
LESSING,Doris,L’écho lointain de l’orage - Les enfants de la violence – tome 2,24,,1,FR,CLASSE,ROMAN,
LESSING,Doris,La cité promise – Les enfants de la violence – tome 3,24,,1,FR,CLASSE,ROMAN,
LESSING,Doris,Le carnet d’or,24,,1,FR,CLASSE,ROMAN,
LESSING,Doris,Les carnets de Jane Somers - Journal d’une voisine,24,,1,FR,CLASSE,ROMAN,
LESSING,Doris,Les enfants de la violence – tome 1,24,,1,FR,CLASSE,ROMAN,
LESSING ,Doris,Le cinquième enfant,24,,1,FR,CLASSE,ROMAN,
LESTRADE,Didier,Act up - Une histoire,30,,1,FR,CLASSE,,
LEXIE,,Une histoire de genres – Guide pour comprendre et défendre les transidentités,2,,1,FR,CLASEE,,
LETOURNEUR,Daisy,On ne naît pas mec – Petit traité féministe sur les masculinités,37,A.6.,1,FR,CLASSE,,
COLLECTIF,Libro,A seguito del 14° incontro per la liberazione animale e della terra,26,R.1.,1,IT,CLASSE,,
LIEFFE,Otter,Conserve and control,24,,1,EN,CLASSE,ROMAN,
LIEFFE,Otter,Margins and murmurations,24,,1,EN,CLASSE,ROMAN,
LIEFFE,Otter,Dignity,24,,1,EN,CLASSE,ROMAN,
"LIEFFE, VAN GEERT","Otter, Anja",Queer animals coloring Zine,19,Z.,1,EN,CLASSE,,
LIND,Hera,Karlas Umweg,24,,1,DE,CLASSE,ROMAN,
LOBE,Max,Confidences,16,,1,FR,CLASSE,,
LOHSCHELDER,Silke,AnarchaFeminismus – Auf den Spuren einer Utopie,25,,1,DE,CLASSE,,
LOISON,Patricia,Je cherche encore ton nom,34,,1,FR,CLASSE,RECIT,
LONDEIX,Pauline,Le manifeste lesbien,19,,1,FR,CLASSE,,
LONG,Rachel,My darling from the Lions,10,,1,EN,CLASSE,,
LORDE,Audre,Sister Outsider,16,,1,FR,CLASSE,,
LORDE,Audre,"Sister outsider – essais et propos sur la poésie, l’érotisme, le racisme, le sexisme,…",20,,1,FR,CLASSE,,
LORDE,Audre,Zami – une nouvelle façon d’écrire mon nom,22,,1,FR,CLASSE,,
LORDE,Audre,La licorne noire – The Black Unicorn,10/20,K.2.,1,"FR, ANG",CLASEE,,
LOUCHART,Aurélie,Trop crêpues ?,20,,1,FR,CLASSE,,
LOUESLATI,Chadia,Rien à perdre,6,,1,FR,CLASSE,BD,
LOUIZA,LOUIZA,Ça rendait mieux dans ma tête,42,,1,FR,CLASSE,Pive (PAULETTE),étagère à part?
"LOUZÉ, MILLON, LOUZÉ","Aude, Xavier, Anne-Florence",Périnée : What the fuck ?!,1,,1,FR,CLASSE,,
LOVELACE,Amanda ,the mermaid’s voice returns in this one,10,,1,EN,CLASSE,,
LOVELACE,Amanda ,break your glass slippers,10,,1,EN,CLASSE,,
LUKAT,Till,Dures à cuire - 50 femmes hors du commun qui ont marqué l’histoire,22,,1,FR,CLASSE,,
LUST,Ulli,Trop n’est pas assez,15,,1,FR,CLASSE,ROMAN GRAPHIQUE,
LUXEMBOURG,Rosa,Oeuvres I - Réforme sociale ou révolution ? Grèves de masses. Parti et syndicats.,25,,1,FR,CLASSE,,
LUXEMBOURG,Rosa,Oeuvres II - Écrits politiques 1917-1918,25,,1,FR,CLASSE,,
LUXEMBOURG,Rosa,Oeuvres III – L’accumulation du capital (I),25,,1,FR,CLASSE,,
LY-TALL,Aoua Bocar,"De la reine de Saba à Michelle Obama - Africaines, héroïnes d’hier et d’aujourd’hui",20,,1,FR,CLASSE,,
MACCIOCCHI,Maria A.,Les femmes et leurs maîtres,21,,1,FR,CLASSE,,
MACLANE,Mary,Que le diable m’emporte,22,,1,FR,CLASSE,,
"MADEMOISELLE CAROLINE, MATHOU, DEYDIER",Gabrielle,À volonté – Tu t’es vue quand tu manges ?,6,,1,FR,CLASSE,BD,
MADESTA,Tal,Désirer à tout prix,18 / 19 / 33,E.2. / F.,1,FR,CLASSE,,
MAGNIN-GONZE,Joëlle,Les plantes de la Grèce antique,1,,1,FR,CLASSE,ZINE,
MAGNIN-GONZE,Joëlle,Plantes tinctoriales 1- Chimie des couleurs,1,,1,FR,CLASSE,ZINE,
MAGUIRE,Toni,"Ne le dis pas à maman - Les abus d’un père, la trahison d’une mère",15,,1,FR,CLASSE,TEMOIGNAGE,
MAILLART,Ella,"La voie cruelle - Deux femmes, une Ford vers l’Afghanistan",22,,1,FR,CLASSE,RECIT AUTOBIOGRAPHIQUE,
MAILLET,Clovis,Les genres fluides - De Jeanne D’Arc aux saintes trans,2,,1,FR,CLASSE,,
"MAKAREMI, PARCIBOULA","Chowra, Matthieu",Prisonniers du passage,42,,1,FR,CLASSE,BD,
MALLE,Mirion,Adieu triste amour,42,C.,1,FR,CLASSE,,
MALLE,Mirion,Commando culotte – Les dessous du genre et de la pop culture,42,,1,FR,CLASSE,,
MANCINI,Juliette,De la chevalerie,42,,1,FR,CLASSE,,
MANCINI,Juliette,Éveils,42,,1,FR,CLASSE,BD,
MANELLI,Florent,40 LGBT+ qui ont changé le monde,19,,1,FR,CLASSE,,
MARIENSTRAS,Richard,Être un peuple en diaspora,16,,1,FR,CLASSE,,
MARKUS,Virginia,Industrie Laitière – une plaie ouverte à suturer ? Regard éthique sur la filière suisse du lait,26,,1,FR,CLASSE,,
MARTIN,Claire,Dans un gant de fer - La joue gauche,22,,1,FR,CLASSE,AUTOBIOGRAPHIE,
"MARTINETTI, LEBEAU, FRANC","Anne, Guillaume, Alexandre",Agatha - Le vraie vie d’Agatha Christie,22 / 42,,1,FR,CLASSE,,
MARUANI (dir.),Margaret,"Femmes, genre et sociétés – L’état des savoirs",21,,1,FR,CLASSE,,
"MARX, PEREZ-BELLO, COLLECTIF GRAS POLITIQUE","Daria, Eva",“Gros” n’est pas un gros mot – chroniques d’une discrimination ordinaire,6,,2,FR,CLASSE,,
MAS,Victoria,La bal des folles,14,,,,CLASSE,,
MATHIEU,Nicole-Claude,L'anatomie politique,21,,1,FR,CLASSE ,,
MATHIEU,Lilian,"prostitution, quel est le problème ?",4,,1,FR,CLASSE,,
MATHIEU (ill.),Thomas,Les crocodiles,15,,2,FR,CLASSE,"TEMOIGNAGE, ROMAN GRAPHIQUE",
MATLWA,Kopano,Règles douloureuses,40,,1,FR,CLASSE,,
MAURER,Marguerite,D’un jour à l’autre s’entrecroisent les temps d’allégresse et de peines,22,,1,FR,CLASSE,,
MAZAURETTE,Maïa,Sortir du trou et échapper à notre vision étriquée du sexe / Lever la tête et inventer un nouveau répertoire érotique,18,,1,FR,CLASSE,,
MBAYE,Sanou,L’Afrique au secours de l’Afrique,16,,1,FR,CLASSE,,
MBEMBE,Achille,Sortir de la grande nuit – Essai sur l’Afrique décolonisée,16,,1,FR,CLASSE,ESSAI,
MBOLELA,Emmanuel,Réfugié - Une Odyssée africaine ,29,,2,FR,CLASSE,,1 manquant
MÉFIEUH MEIDO,Hermine,Un père comme tant d’autres,20,,1,FR,CLASSE,,
MC KAY,Claude,Romance in marseille,24,J.,1,FR,CLASSE,ROMAN,
MEINHOF,Ulrike,Mutinerie et autres textes d’Ulrike Meinhof – Déclarations et analyses des militants de la fraction armée rouge emprisonnés à Stammheim,13,,1,FR,CLASSE,,
MEINHOF,Ulrike,Tout le monde parle de la pluie et du beau temps. Pas nous,22,,1,FR ,CLASSE,,
MELCHIOR-BONNET,Sabine,Le rire des femmes – Une histoire de pouvoir,21,,1,FR,CLASSE,,
MELONE,Arianna,Gianna,42,,1,FR,CLASSE,,
MENAGE,Gilles,Histoire des Femmes Philosophes,5,O.3.,1,FR,CLASSE,,
MENDOZA,Molly,Skip,42,,1,FR,CLASSE,BD,
"MENÉTREY, COLLECTIF DE DÉFENSE","Anne-Catherine, ",La vie… vite – Lausanne bouge 1980-1981 : une chronique,27,,1,FR,CLASSE,,
MESSINA,Maria,Severa,24,,1,FR,CLASSE,ROMAN,
MESTIRI,Soumaya,Décoloniser le féminisme - Une approche transculturelle,16,,1,FR,CLASSE,,
MEVEL,Charlotte,La rousseur...pointée du doigt,42,L.,1,FR,CLASSE,BD,
"MEYNET, JOLY","Sibylline, Salomé",Silencieuse(s),15,,1,FR,CLASSE,BD,
"MEZIANE, REYNAUD-PALIGOT, HEYER","Ismaël, Carole, Evelyne",Comment devient-on raciste – Comprendre la mécanique de la haine pour mieux s’en préserver,19 / 42,C. / L.,1,FR,CLASSE, ,
MIANO,Léonora,Afropea – Utopie post-occidentale et post-raciste,16,,1,FR,CLASSE,ESSAI,
MIANO,Léonora,L’autre langue des femmes,20,,1,FR,CLASSE,,
MIANO,Léonora,Rouge impératrice,16 / 24,,1,FR,CLASSE,ROMAN,
MINAVERRY,,Dora 1 – Chasseuse de nazis,42,,1,FR,CLASSE,,
MINAVERRY,,Dora 2 – L’année suivante à Bobigny,42,,1,FR,CLASSE,,
MINAVERRY,,"Dora 3 – Malenki Sukole, une berceuse polonaise",42,,1,FR,CLASSE,,
MINAVERRY,,"Dora 4 – Amsel, Vogel, Hahn",42,,1,FR,CLASSE,,
MINOIS,Georges,Histoire du suicide – La société occidentale face à la mort volontaire,7,,1,FR,CLASSE,,A remplacer par du meilleur contenu voir nouveau livres
MINOUI,Delphine,Les passeurs de livre de Daraya,36,,1,FR,CLASSE,,
"MONTANDON, COLLECTIF (ed.)","Esther, L’AJAR",Vivre près des tilleuls,24,,1,FR,CLASSE,ROMAN,
"MONTGOMERY, BERGMAN","Nick, carla",Joyful Militancy – Building thriving Resistance in Toxic Times,25,,1,EN,CLASSE,,
MOON,Allison,B.A.B.A. du sexe entre meufs et personnes queer,18,E.4.,1,FR,CLASSE,,
MOREAU,Thérèse,Pour une éducation épicène,12,,1,FR,CLASSE,GUIDE PRATIQUE,
MORGAN,Robin,Monster,10,,1,EN,CLASSE,,
MORRISON,Toni,L’origine des autres,16,,1,FR,CLASSE,ESSAI,
MORRISON,Toni,"Mouth full of blood – Essays, speeches, meditations",16,,1,EN,CLASSE,,
MORRISON,Toni,The origin of others,16,,1,FR,CLASSE,ESSAI,
MORRISON,Toni,The Bluest eye,24,,2,EN,CLASSE,ROMAN,1 manquant
MORRISON,Toni,Im Dunkel Spielen – Weisse kultur und literarische imagination,24,J.,1,DE,CLASSE,ESSAI,
MORRISON,Toni,Beloved,24,J.,2,EN,CLASSE,,
"MÖSER, TILLOUS","Cornelia, Marion","Avec, sans ou contre – Critiques queers/féministes de l’État",25,,1,FR,CLASSE,,
MÜLLER,Nicole,Ce qui est affreux dans l’amour,24,,1,FR,CLASSE,,
MORRISON,Toni,Recitatif – a story,24,,1,EN,CLASSE,ROMAN,
"MUHOLI, NGONYAMA","Zanele, Somnyama","Salut à toi, lionne noire",11/19/20,A.2 /C. /  Z.,1,FR,CLASSE,,
"MULLER, STERNWEILER","Joachim, Andreas",Homosexuelle Manner im KY Sachsenhausen,19,,1,DE,CLASSE,,
NAHON,Maël,Autre,42,,2,FR,CLASSE,,
NAIL,Isabelle,Ombre – Le mal fait aux femmes,21,,1,FR,CLASSE,,
NASREEN,Taslima,"Femmes, manifestez-vous!",20,,1,FR,CLASSE,,
NAVAJO,Métie,La geste des irréguliers – Sans papiers sur les routes de France,29,,1,FR,CLASSE,,
NAYERI,Dina,Faiseurs d’histoires,24,J.,1,FR,CLASSE,,
NEDJMA,,L’amande,22,,1,FR,CLASSE,,
NELSON,Maggie,Les argonautes,24,J.,1,FR,CLASSE,,
NESTLE,Joan,Fem,19 / 21 / 24,A.1.,1,FR,CLASSE,,
NGOZI ADICHIE,Chimamanda,"Chère Ijeawele, ou un manifeste pour une éducation féministe",20,A.2.,2,FR,CLASSE,,
NGOZI ADICHIE,Chimamanda,We should all be feminists,20,,1,EN,CLASSE,,
NGOZI ADICHIE,Chimamanda,The thing around your neck,24,,1,FR,CLASSE,,
NGOZI ADICHIE,Chimamanda,L’autre moitié du soleil,24,,1,FR,CLASSE,,
NISSIM,Rina,Une sorcière des temps modernes – Le self-help et le mouvement femmes et santé,1,,1,FR,CLASSE,,
NISSIM,Rina,Mamamélis - Manuel de gynécologie naturopathique à l’usage des femmes,1,,1,FR,CLASSE,,
NJIKE,Axelle Jah,Journal intime d’une féministe noire,20,,1,FR,CLASSE,,
NOEL,Fania,Et maintenant le pouvoir – un horizon politique afroféministe,16/22,C.,1,FR,CLASSE,,
NORTHUP,Solomon,Douze ans d’esclavage,16,,1,FR,CLASSE,RECIT AUTOBIOGRAPHIQUE,
NOTÉRIS,Émilie,Fétichisme postmoderne,18,E. ,1,FR,CLASSE,,
NOUVELLES QUESTIONS FÉMINISTES,,Volume 21  n1 (2002) / NQF change!,23,,2,FR,CLASSE,,
NOUVELLES QUESTIONS FÉMINISTES,,Volume 29 n3 (2010) / La sexualité des femmes : le plaisir contraint,23,,2,FR,CLASSE,,
NOY,Frédérique,Ekifire,19,E.4.,1,FR,CLASSE,,
NOËL,Fania,Et maintenant le pouvoir – Un horizon politique afroféministe,20,A.2. / C.,1,FR,CLASSE,,
OATES,Joyce Carol,Le pays des merveilles,24,,1,FR,CLASSE,ROMAN,
OKORAFOR,Nnedi,Le livre de phénix,24,J.,1,FR,CLASSE ,ROMAN,
OKORAFOR,Nnedi,Qui a peur de la mort ?,24,,2,FR,CLASSE,ROMAN,1 MANQUANT
OKSANEN,Sofi,Purge,24,,1,FR,CLASSE,ROMAN,
OLIVA CORADO,Ilka,Histoire d’une sans-papier - Traversée du désert de Sonora - Arizona,29,,1,FR,CLASSE,,
OLUO,Ijeoma,So you want to talk about race,16,,1,EN,CLASSE,,
OMAR,Sara,La laveuse de mort,24,,1,FR,CLASSE,ROMAN,
ORBAN,Christine,Avec le corps qu’elle a…,24,,1,FR,CLASSE,ROMAN,
ORELLI,Giovanni,Le train des italiennes,24,,1,FR,CLASSE,ROMAN,
OUASSAK,Fatima,La puissance des mères,40,,1,FR,CLASSE,,
"OUEDRAOGO, MASSOT","Roukiata, Aude",Ouagadougou pressé,42,L,1,FR,CLASSE,,
COLLECTIF,,Prostitution coloniale et post-coloniale,4 / 16 / 20,,1,"FR, ANG",CLASSE,,
OVALDE,Véronique,Ce que je sais de Vera Candida,24,,1,FR,CLASSE,ROMAN,
OVALDE,Véronique,Des vies d’oiseaux,24,,1,FR ,CLASSE,ROMAN,
OVALDE,Véronique,Le sommeil des poissons,24,,1,FR,CLASSE,ROMAN,
OVIDIE,,Porno Manifesto,18,,1,FR,CLASSE,,
"OVIDIE, DIGLEE",,Libres ! - Manifeste pour s’affranchir des diktats sexuels,18,,1,FR,CLASSE,,
"OVIDIE, DIGLEE",,Baiser après #METOO – Lettres à nos amants foireux,18,,1,FR,CLASSE,,
"OVIDIE, LAINÉ",Audrey,Les coeurs insolites,42,L.,1,FR,CLASSE,,
PADJEMI,Jennifer,Féminismes & pop culture,20,,1,FR,CLASSE,,
PAGE MCBEE,Thomas,Amateur – A true story about what makes a man,2 / 22,,1,EN,CLASSE,,
PANTHÈRE PREMIÈRE,,Numéro 5 printemps 2020,23,Z.,1,FR,CLASSE,,
PARINI,Lorena,Le système de genre – Introduction aux concepts et théories,21,,1,FR,CLASSE,,
PAYOT ,Anne,Maria Bernasconi - S’engager au féminin,22,,1,FR,CLASSE,,
PD LA REVUE,,N°4 Nos enfances (printemps 2022),23,Z.,1,FR,CLASSE,,
PELLEGRINO,Bruno,Électrocuter une éléphante,24,,1,FR,CLASSE,NOUVELLE / PIVE (PAULETTE),étagère à part?
PEIRETTI-COURTIS,Delphine,Corps noirs et médecins blancs,16/30,C. /G. 7.,1,FR,CLASSE,,
PERREAU,Bruno,"Homosexualité – Dix clés pour comprendre, vingt textes à découvrir",19,,1,FR,CLASSE,,
PEX,Giulia,Khalat,36,,1,FR,CLASSE,BD,
PICAUD,Coline,De l’autre coté,42,,1,FR,CLASSE,BD,
PICAUD,Coline,Disgrazia!,42,,1,FR,CLASSE,BD,
"PIETU, JIKA",Ludovic,Pédale !,42,L.,1,FR,CLASSE,,
PINKOLA ESTÉS,Clarissa,Femmes qui courent avec les loups - Histoire et mythes de l’archétype de la femme sauvage,39,,1,FR,CLASSE,,
"PINZON MENDOZA, NARANJO","Camila, Erik",Microfeminismos,42,,1,ES,CLASSE,BD,
PIRINOLI,Christine,Jeux et enjeux de mémoire à Gaza,16,,1,FR,CLASSE,,
PIRZÂD,Zoyâ,On s’y fera,24,,1,FR,CLASSE,ROMAN,
PLA,Jüne ,Jouissance Club – Une cartographie du plaisir – Edition de luxe,18,,1,FR,CLASSE,,
POTTER,Shawna,"Making spaces safer – A guide to giving harassment the boot wherever you work, play, and gather",15,,1,EN,CLASSE,GUIDE PRATIQUE,
POULAIN,Catherine,Le grand marin,24,,1,FR,CLASSE,ROMAN,
POWER,Eileen,Les femmes au moyen âge,21,,1,FR,CLASSE,,
POWER,Nina,La femme unidimensionnelle,21,,1,FR,CLASSE,,
POWERPAOLA,,Tout va bien se passer,42,,1,FR,CLASSE,BD,
PRAZ,Anne-Françoise,De l’enfant utile à l’enfant précieux - Filles et garçons dans les cantons de Vaud et Fribourg (1860 - 1930),12,,1,FR,CLASSE,,
PRECIADO,Paul B.,Un appartement sur Uranus - Chroniques de la traversée,2,,1,FR,CLASSE,,
"PRINCESSE LAMARCHE, MARIA ELISA",Tania,"Pouliches, moi – Poèmes érotiques contre l’hétéronormativité",10,,10,FR,CLASSE,,
PROKOPAKI,Chryssoxéni,Long manteau blanc,24,,1,FR,CLASSE,NOUVELLE / PIVE (PAULETTE),étagère à part?
PROVENZANO,Anna,Crescono Fiori – Haiku per Palermo,10,,1,IT,CLASSE,,
PROVIS,Martine,La soupe aux cailloux,24,,1,FR,CLASSE,ROMAN,
PROWER,Tomas,Mythologies et légendes queer – Spiritualité et culture LGBT+ à travers le monde,39,Z.,1,FR,CLASSE,,
"PURKIS, LAWSON","Yenn, Wenn",The autistic trans guide to life,2 / 14,N.1. / B.,1,EN,CLASSE,,
PUSCH,Luise F.,Alle Menschen werden Schwestern,31,,1,DE,CLASSE,,
PUSCH,Luise F.,Das Deustsche als Männersprache,31,,1,DE,CLASSE,,
QUEVAL,Isabelle,Le corps aujourd'hui,6,,1,FR,CLASSE,ESSAI,
QUÉMÉNER,Lucie,Baume du Tigre,42,,1,FR,CLASSE,BD,
"RACINE (dir.), TREBITSCH","Nicole, Michel",Intellectuelles – Du genre en histoire des intellectuels,21,,1,FR,CLASSE,,
RAHIMI,Atiq,Syngué sabour - Pierre de patience,24,,1,FR,CLASSE,ROMAN,
"RAMADIER, ULRICH","Mathilde, Camille",Corps public,42,,1,FR,CLASSE,BD,
RAMBACH,Anne et Marie,La culture gaie et lesbienne,19,,1,FR,CLASSE,,
"REID, IGLESIAS","Catherine, Holly K.",Lesbian writers on their fathers,19,,1,EN,CLASSE,,
"REID (dir.), IGLESIAS (dir.)","Catherine, Holly K.","His Hands, His Tools, His Sex, His Dress - Lesbian Writers on Their Fathers",19,,1,EN,CLASSE,,
REGINALD DWAYNE,Betts,Coupable,10 / 13,,1,FR,CLASSE,,
RENARD,Noémie,En finir avec la culture du viol,15,,1,FR,CLASSE,,
RENEE TAYLOR,Sonya,The body is not an apology – The power of radical self-love,6,E.3 / F.4,1,EN,CLASSE,,
REVUE Z,,N12 Guyane – Trésors et conquêtes,23,,2,FR,CLASSE,REVUE,
REVUE Z,,N8 Venissieux,23,,2,FR,CLASSE,REVUE,
REZA,Yasmina,Heureux les heureux,24,,1,FR,CLASSE,ROMAN,
RIBEIRO,Djamila,Chroniques sur le féminisme noir,20,,1,FR,CLASSE,,
RIBEIRO,Djamila,La place de la parole noire,20,,1,FR,CLASSE,,
RICCI LEMPEN,Silvia,Ne neige-t-il pas aussi blanc chaque hiver ?,24,,1,FR ,CLASSE,ROMAN,
RICH,Adrienne,"Your native land, your life",10,,1,EN,CLASSE,,
RICHARD,Emmanuelle,Les corps abstinents - “J’ai discuté avec celles et ceux qui comme moi ne font plus l’amour.”,18,,1,FR,CLASSE,,
"RICHARD, TAUXE","Marianne, Henri-Charles",J’ai le sida je veux vivre - L’histoire de Ketty,30,,1,FR,CLASSE,,
RICHOZ,Claudine,Profession : infirme,14,,1,FR,CLASSE,,
RIVAZ,Alice,Nuages dans la main,24,,1,FR,CLASSE,ROMAN,
ROBERTS,blue,Robert’s rules of lesbian living,19,,1,EN,CLASSE,,
"ROBIN, MAY FAIT DES GRIBOUILLIS",Fanny,Juste une endométriose,30,,1,FR,CLASSE,,
ROHLFS,Sabine,Frauen und Krebs – Vom Umgang mit einer Krankheit,30,,1,DE,CLASSE,,
ROJAS,"Maythee, PhD",Woman of color and feminism,20,,1,EN,CLASSE,,
"ROSENSTEIN, BALADI",Adeline,"Décris-Ravage : Premier épisode: Décrire L’Égypte, Ravager la Palestine",42,,2,FR,CLASSE,BD,
"ROSENSTEIN, BALADI",Adeline,Décris-Ravage : Deuxième épisode : Décrire L’empire ottoman autour de 1830,42,,1,FR,CLASSE,,
"ROSENSTEIN, BALADI",Adeline,Décris-Ravage : Troisième épisode : Décrire et inventer la terre sainte,42,,1,FR,CLASSE,,
ROSIER,Laurence,De l’insulte aux femmes,31,,1,FR,CLASSE,ESSAI,
ROY-BHATTACHARYA,Joydeep,Une antigone à Kandahar,24,,1,FR,CLASSE,ROMAN,
ROUX (COORD.),Tiffany,"Sexualités, identités et corps colonisés – XV siècle – XXI siècle",16,C.,1,FR,CLASSE,,
"RUBLI, ALREFAI ROOMIEH","Maeva, Anisa",Face à Face,42,L.,1,FR,CLASSE,,
RUCHAT,Martine,Édouard Claparède (1873 - 1940) - À quoi sert l’éducation ?,12 / 22,,1,FR ,CLASSE,BIOGRAPHIE,
RUSTERHOLZ,Caroline,“Deux enfants c’est déjà pas mal”,40,,1,FR,CLASSE,,
RÉGINE ,Pernoud,Aliénor d’Aquitaine,22,,1,FR,CLASSE,,
SABBAH,Blanche,Mythes et meufs,39 / 42,K. ,1,FR,CLASSE,,
SACCO,Joe,Palestine,42,,1,FR,CLASSE,,
"SADLIER (dir.),",Karen,Violences conjugales – Une défi pour la parentalité,40,,1,FR,CLASSE,,
SAGAN,Françoise,Un sang d’aquarelle,24,,1,FR ,CLASSE,ROMAN,
SALMONA,Muriel,Le livre noir des violences sexuelles,15,,1,FR,CLASSE,,
SALVAYRE,Lydie,Pas pleurer,24,,1,FR,CLASSE,ROMAN,
"SANCHEZ-MAZAS (dir.), LICATA (dir.)","Margarita, Laurent",L’autre – regards psychosociaux,16,,1,FR,CLASSE,,
SAPIENZA,Goliarda,L’art de la joie,24,,1,FR,CLASSE,ROMAN,
SARRAZIN,Albertine,L’astragale,24,,1,FR,CLASSE,ROMAN,
SAPPHIRE,,Push,24,,1,EN,CLASSE,,
SARGSYAN,Tatevik,The sun isn’t out long enough,10 / 19,A.1. / K.,1,EN,CLASSE,,
"SASHA, GIRARD",Christophe,Ismahane – L’intégrale,36,,1,FR,CLASSE,BD,
SASTRE,Peggy,No Sex – Avoir envie de ne pas faire l’amour,18,,1,FR,CLASSE,asexualité,
SATRAPI,Marjane,Poulet aux prunes ,42,,2,FR,CLASSE,,
SCHAFFAUSER,Thierry,Les luttes des putes,4,,2,FR,CLASSE,,
SCHÖNIG,Karin,Myome,30,,1,DE,CLASSE,,
SCHOENI,Céline,Travail féminin : retour a l’ordre ! - L’offensive contre le travail des femmes durant la crise économique des années 1930,5,,1,FR,CLASSE,,
SCHWARZ-BART,Simone,Pluie et vent sur Télumée Miracle,24,,1,FR,CLASSE,ROMAN,
SCHWARZENBACH,Annemarie,Loin de New- York,22,D.,1,FR,CLASSE,,
SCHWARZENBACH,Annemarie,Le refuge des cimes,24,,1,FR,CLASSE,ROMAN,
SCHWARZENBACH,Annemarie,Les amies de Bernhard,24,,1,FR ,CLASSE,ROMAN,
SCHWARZENBACH,Annemarie,Nouvelle lyrique,24,,1,FR ,CLASSE,ROMAN,
SCHWARZENBACH,Annemarie,Voir une femme,24,,1,FR ,CLASSE,ROMAN,
SCHÖPF,Elfie,"Frauenstreik – Ein Anfang… Hintergrund, Porträts, Interviews",27,,1,FR,CLASSE,,
SCORDIA,Manu,Ali Aarrass,13,,1,FR,CLASSE,,
SCOTT,Ann,Superstars,24,,1,FR,CLASSE,ROMAN,
SCOTT,Lawrence,Balai de sorcière,16 / 24,,1,FR,CLASSE,ROMAN,
SCWARZENBACH,Annemarie,Annemarie Schwarzenbach ou le mal de l’Europe,22,Z.,1,FR,CLASSE,,
SENARCLENS,Coline de.,Salope !,15,,2,FR,CLASSE,,
SENNA,Danzy,Where did you sleep last night ? - A personal history,22,,1,FR,CLASSE,,
SERANO,Julia,Manifeste d’une femme trans et autres textes,2,,2,FR,CLASSE,,
SHAFAK,Elif,La bâtarde d’Istanbul,24,,1,FR,CLASSE,ROMAN,
SHAFAK,Elif,10 minutes et 38 secondes dans ce monde étrange,24,,1,FR,CLASSE,ROMAN,
SHAFAK,Elif,Unerhörte Stimmen ,24,,1,DE,CLASSE,ROMAN,
SHAFAK,Elif,Crime d’honneur,24,,2,FR,CLASSE,ROMAN,1 manquant
SHAKUR,Assata,Assata - Une autobiographie,22,,1,FR,CLASSE,,
"SHANKER, L. LEVINE, KENDELL","Adrian, Rachel L., Kate",Bodies and barriers – Queer activists on health,19 / 30,A.1 / G.3. / G.7.,1,FR,CLASSE,,
SHORT,Caroline,Habiter ma vie – Au-delà des apparences,14,,1,FR,CLASSE,TEMOIGNAGE,
SHAWL,Nisi,Parle comme un homme et autres textes,16 / 24,,1,FR,CLASSE,NOUVELLES ,SF 
SHRAYA,Vivek,J’ai peur des hommes,2,,1,FR,CLASSE,,
"SHURECI, TSCHUMI","Elmedina, Gabrielle",El-medina (entre ici et là-bas),29 / 42,L. / Q. 4.,1,FR,CLASSE,,
SIMPLICE,Sandwidi T.,President Thomas Sankara  - Qui était-il ? Première partie,16,,1,FR,CLASSE,ZINE,
SIMPLICE,Sandwidi T.,Recueil de citations du président Thomas Sankara - Tome 1,16,,1,FR,CLASSE,ZINE,
"SKALOVA, ABADIE","Marina, Nadège",Silences d’exils,29,,1,FR,CLASSE,PHOTO/ POESIE,A consulter sur place
SKEGGS,Beverley,Des femmes respectables - Classe et genre en milieu populaire,38,,1,FR,CLASSE,,
SLIMANI,Leïla,Sexe et mensonges - La vie sexuelle au Maroc,18,,1,FR,CLASSE,,
SLIMANI,Leïla,Chanson douce,24,,2,FR,CLASSE,ROMAN,
"SLIMANI, OUBRERIE","Leïla, Clément",À mains nues - Tome 1 1900-1921,42,,1,FR,CLASSE,,
SMÉRALDA,Juliette,"Peau noire, cheveu crépu - L’histoire d’une aliénation",20,,1,FR,CLASSE,,
SMITH,Patti,Patti Smith - Les Années 70 Premier écrits,22,,1,FR,CLASSE,,
SMITH,Zadie,Swing Time,24,,1,FR,CLASSE,ROMAN,
SOHN,Lili,La guerre des tétons 1 : Invasion,30,,1,FR,CLASSE,,
SOHN,Lili,La guerre des tétons 2 : Extermination,30,,1,FR,CLASSE,,
SOLINT,Rebecca,Ces hommes qui m’expliquent la vie,37,,1,FR,CLASSE,,
SOLLÉE,Kristen J.,"Sorcières, salopes, féministes - Une histoire de la femme libérée",39,,1,FR,CLASSE,,
SOLOMON,Rivers,Sorrowland,24,J.,1,FR,CLASSE,ROMAN,
SOM,Bishakh,Spellbound – a graphic memoir,22 / 42,L. ,1,EN,CLASSE,BD,
SOMERS,Armonía,La femme nue,24,,1,FR,CLASSE,ROMAN,
"SORLET, SANCHEZ VEGARA","Agathe, Maria Isabel",Joséphine Baker,41,M.,1,FR,CLASSE,BD,
SOW FALL,Aminata,Le Jujubier du patriarche,24,,1,FR,CLASSE,ROMAN,
SPAAK,Marine,"Sea, sexisme and sun – Chroniques du sexisme ordinaire",42,,1,FR,CLASSE,,
STANGER (ed.),Elle,Strange Times - Tales from American strippers,18,,1,EN,CLASSE,,
STARHAWK,,Comment s’organiser ? - Manuel pour l'action collective,21,P.,2,FR,CLASSE,,
STARHAWK,,Chroniques altermondialistes - Tisser la toile du soulèvement global,,,1,FR ,CLASSE,,Alternmondialiste?
STEINER,Anne,Les en-dehors - Anarchistes individualistes et illégalistes à la “Belle époque”,25,,1,FR,CLASSE,,
STEVENSON,Bryan,Just Mercy – a story of justice and redemption,32,Q.3,1,ENG,CLASSE,,
STOCKETT,Kathryn,La couleur des sentiments,24,,1,FR,CLASSE,ROMAN,
STRINGS,Sabrina,Fearing the black body – The racial origins of fat phobia,6 / 16,A. 2 / E.3,1,EN,CLASSE,,
STROMQUIST,Liv,I’m every woman,42,,2,FR,CLASSE,,1 manquant
STROMQUIST,Liv,Grandeur et décadence - Sous le signe noir de Rackham,42,,1,FR,CLASSE,,
STROMQUIST,Liv,La rose la plus rouge s’épanouit,42,,1,FR,CLASSE,,
SUBILIA,Anne-Sophie,Les hôtes,10,,1,FR,CLASSE,POÉSIE / pive (PAULETTE),étagère à part?
SUBILIA,Anne-Sophie,Qui-vive,24,,1,FR,CLASSE,NOUVELLE / PIVE (PAULETTE),étagère à part?
SUNDAHL,Deborah,female ejaculation and The G-spot - not your mother's orgasm book,18,,1,EN,CLASSE,,
"TALAHITE, ENNAIFER (co.)","Fatiha, Rachida",Fatema Mernissi et la pensée féministe au Maghreb ,20,,1,"FR, AR",CLASSE,,
TAN,,TDS – Témoignages de travailleuses et travailleurs du sexe,4,O.1.,1,FR,CLASSE,,
TANX,,Velue,42,,1,FR ,CLASSE,BD,
"TAORMINO, PARREÑAS SHIMIZU, PENLEY, MILLER-YOUNG","Tristan, Céline, Constance, Mireille",The Feminist porn book – The politics of producing pleasure,18,,1,EN,CLASSE,,
TATAR,Maria,Lustmord – Sexual murder in Weimar Germany,28,,1,EN,CLASSE,,? Catégorie Archives
TAUIL,Leïla,Féminismes arabes: un siècle de combat - Les cas du Maroc et de la Tunisie,20,,1,FR,CLASSE,MANQUANT,
TEIXIDO,Sandrine,Hellsegga -  Une descente écoféministe dans le maelström,39,,1,FR,CLASSE,,
TERKEL,Studs,Race – Histoires orales d’une obsession américaine,16,,1,FR,CLASSE,,
TERRESTRES,Corinne Morel-Darleux,l’effondrement comme métamorphose,23,Z.,1,FR,CLASSE,,
TERRESTRES,Virginie Maris,Défendre la part sauvage du monde,23,Z.,1,FR,CLASSE,,
TERRESTRES,"Lena Balaud, Antoine Chopot",Suivre la forêt. Une entente terrestre de l’action politique,23,Z.,1,FR,CLASSE,,
TERVONEN,Taina,Les fossoyeuses,24,J.,1,FR,CLASSE,ROMAN,
COLLECTIF,TÊTE HAUTE,Tête haute,15,A. 4.,2,FR,CLASSE,,
THALMANN ,Yves-Alexandre,Vertus du polyamour - La magie des amours multiples,33,,1,FR,CLASSE,,
THIERS-VIDAL,Léo,Rupture anarchiste et trahison pro-féministe - Écrits et échanges de Léo Thiers-Vidal,25,,2,FR,CLASSE,,1 manquant
THIÉBAUT,Élise,"Ceci est mon sang – Petite histoire des règles, de celles qui les ont et de ceux qui les font",40,,3,FR,CLASSE,,
THOMAS,Chantal,La reine scélérate - Marie Antoinette dans les pamphlets,22,,1,FR,CLASSE,,
TÎBULEAC,Tatiana,Le jardin de verre,24,,1,FR,CLASSE,ROMAN,
"TIBI, ROMEO","Marie, Rebecca",Le renard emprivoisé,26/41/42,H.2. / R.,1,FR,CLASSE,,
TILMANT,Isabelle,Épanouie avec ou sans enfant,40,,1,FR,CLASSE,,
TIMULT,,N°3 (septembre 2010),23,Z.,2,FR,CLASSE,,
TIMULT,,N°8 (septembre 2014),23,Z.,3,FR,CLASSE,,
TIMULT,,N°10 (mars 2018),23,Z.,1,FR,CLASSE,,
TIMULT,,N°4 (avril 2011),23,Z.,2,FR,CLASSE,,
TIMULT,,N°6 (septembre 2012),23,Z.,3,FR,CLASSE,,
TIMULT,,N°9 (mars 2016),23,Z.,1,FR,CLASSE,,
TINCELIN,Adel,On n’a que deux vies – Journal d’un transboy,2,,1,FR,CLASSE,,
TOGNI,Carola,Le genre du chômage ,27,,1,FR,CLASSE,?,? Catégorie Archives
TORRES,Diana J.,Pornoterrorisme,18,,1,FR,CLASSE,,
"TRAORÉ, DE LAGASNERIE","Assa, Geoffroy",Le combat Adama,13,,1,FR,CLASSE,,
"TRAORÉ, VIGOUREUX","Assa, Elsa",Lettre à Adama,13,,1,FR,CLASSE,,
"TORRES, TORRES","Jenna, Bob","Vegan Freak – being vegan in a non-vegan world (version 2.0: revised, expanded & updated)",26,,1,EN,CLASSE,,
TUAILLON,Victoire,Le coeur sur la table,37,A.6.,1,FR,CLASSE,,
TUAILLON,Victoire,Les couilles sur la table,37,,1,FR,CLASSE,,
TÎBULEAC,Tatiana,Le jardin de verre,24,,1,FR,CLASSE,ROMAN,
UNA,,L’une d’elles,15,,1,FR,CLASSE,,
URIBE,Arelis,Les Bâtardes,24,,1,FR,CLASSE,ROMAN,
VAID-MENON,Alok,Beyond the gender binary,19,B.,1,EN,CLASSE,,
VALDES,Zoé,Louves de mer,24,,1,FR,CLASSE,ROMAN,
VANDE GHISTE,Tiffanie,Dryades,42,,1,FR,CLASSE,,
"VEAUX, RICKERT","Franklin, Eve","More than two, A practical guide to ethical polyamory",33,,1,EN,CLASSE,,
"VEHLMANN, PRUDHOMME","Fabien, David",L’herbier sauvage,18,,1,FR,CLASSE,TEMOIGNAGE,
VERDUZIER,Pauline,"Vilaines filles – Les travailleuses du sexe, les clientes et la journaliste",4,,1,FR,CLASSE,,
VERGES,Francoise,Une théorie féministe de la violence - pour une politique antiraciste de la protection,32,,1,FR,CLASSE,,
VERNA,Loretta,Mille traverses,24,,1,FR,CLASSE,ROMAN,
VIDAL,Aude,"Écologie, individualisme et course au bonheur",39,,1,FR,CLASSE,,
"VIENNOT, HADDAD, SEBAGH","Éliane, Raphaël, Chloé","Le langage inclusif : pourquoi, comment ? Petit précis historique et pratique",31,,1,FR,CLASSE,PRÉCIS HISTORIQUE ET PRATIQUE,
"VILLENEUVE, RAMBAUD","Angélique, Eugénie",Les herbes folles,10,,1,FR/AR,CLASSE,,
"VILLIEU, SARFATI","Valérie, Raphaël",Little Joséphine,42,,1,FR,CLASSE,,
VOLCKMANN,Luz,Aller à la rivière,10,K. ,1,FR,CLASSE,,
VUILLE,Marilène,Accouchement et douleur - Une étude sociologique,40,,1,FR,CLASSE,,
WALKER,Rebecca,Babylove - Choosing motherhood after a lifetime of ambivalence,22,,1,EN,CLASSE,,
WALKER,Alice,Die Farbe Lila ,24,,1,DE,CLASSE,ROMAN,
WALKER,Alice,The color purple,24,,1,EN,CLASSE,ROMAN,
WASSERSTEIN,Wendy,The Heidi Chronicles,10,,1,EN,CLASSE,? Théâtre,
WATERS,Sarah,Du bout des doigts,24,,2,FR,CLASSE,ROMAN,1 manquant
WATERS,Sarah,Derrière la porte,24,,1,FR,CLASSE,ROMAN,
WEBER,Noémie,Intercheddar ,42,,1,FR,CLASSE,,
WEED,Susun S.,Le trèfle de vie – Recueil de plantes médicinales au fil de la grossesse,1,,1,FR,CLASSE,,
WEIL,Simone,La pesanteur et la grâce,24,,1,FR,CLASSE,ROMAN,
WÉRY,Isabelle,Poney flottant,24,,1,FR,CLASSE,ROMAN,
WEYHE,Birgit,Kermesse au Paradis ,22,,1,FR,CLASSE,,
WINDUST,Jamie,In their shoes – navigating non-binary life,19,B.,1,EN,CLASSE,,
WING (ed.),Adrien Katherine,Global critical race feminism - An international reader,20,,1,EN,CLASSE,,
WINTERSON,Jeanette,Pourquoi être heureux quand on peut être normal ?,24,,1,FR,CLASSE,ROMAN,
WINTERSON,Jeanette,Oranges are not the only fruit,19 / 24,,1,EN,CLASSE,ROMAN,
WINTHROP,Laurence,La Dame de la Chavonnière,22,,1,FR,CLASSE,,
WOHMANN ,Gabriele,Grund zur Aufregung ,10,,1,DE,CLASSE,,
WOOLF,Virginia,La promenade au phare,24,,1,FR,CLASSE,ROMAN,
WOOLF,Virginia,Mrs Dalloway,24,,1,DE,CLASSE,ROMAN,
WOOLF,Virginia,Orlando,24,,1,DE,CLASSE,ROMAN,
WOOLF,Virginia,Une chambre à soi,24,J.,1,FR,CLASSE,ROMAN,
WRIGHT,iO Tillett ,Darling days ,22,,1,FR,CLASSE,,
"X, Toniv","Chloe, Gina",The fat zine by fat people for fat people + those that care,6,,1,FR,CLASSE,ZINE,
XENAKIS,Mâkhi,Les folles d’enfer de la salpêtrière,14,,1,FR,CLASSE,,
XENAKIS,Françoise,"Zut, on a encore oublié madame Freud ",22,,1,FR,CLASSE,,
YAGUELLO,Marina,Les mots et les femmes - Essai d’approche socio-linguistique de la condition féminine,31,,1,FR,CLASSE,ESSAI,
"YALOM, DONOVAN BROWN","Marilyn, Theresa",The social sex - A history of female friendship,33,,1,EN,CLASSE,,
YAMAJI,Ebine,Sweet Lovin’ Baby,42,,1,FR,CLASSE,,
YAZBEK,Samar,19 femmes,36,,1,FR,CLASSE,ENTRETIENS,
YIWU,Liao,Des balles et de l’opium,13,,1,FR,CLASSE,TEMOIGNAGES,
YOURCENAR,Marguerite,Feux,24,,1,FR,CLASSE,ROMAN,
YOUSAFZAI,Malala,"Moi, Malala, je lutte pour l’éducation et je résiste aux talibans",22,,1,FR,CLASSE,,
ZAHAVI,Helen,Dirty week-end,24,,2 (1 Presses pocket et 1 Phebus Libretto),FR ,CLASSE,ROMAN,
ZEILINGER,Irène,"Non, c’est non – Petit manuel d’autodéfense à l’usage de toutes les femmes qui en ont marre de se faire emmerder sans rien dire",15,,1,FR,CLASSE,,
ZEILINGER,Julie,A little F’D UP - Why feminism is not a dirty word,25,,1,EN,CLASSE,,
ZERO CALCARE,,Kobane calling,36 / 42,L. / Q.4.,1,FR,CLASSE,BD,
ZAINO,Assia,Des hommes entre les murs – Comment la prison façonne la vie des Palestiniens,13,,1,FR,CLASSE,,
ZIADÉ,Lamia,"Mon port de Beyrouth : C’est une malédiction, ton pauvre pays !",22,,1,FR ,CLASSE,,
ZINA,Cara,Handi – gang,14 / 24,J. / N. 1.,1,FR,CLASSE,ROMAN,
Z’GRAGGEN,Yvette,Mémoires d’elles,22,,1,FR,CLASSE,,
"ÉBOKÉA, PLACIN",Lucile,Mbéla et la kora magique,41,H.2.,1,FR,CLASSE,,
ZUFFEREY,Céline,New York K.O.,24,,1,FR,CLASSE,NOUVELLE / PIVE (PAULETTE),étagère à part?
,Les désobéissants collectif,Désobéir au sexisme,25,,,,,,
,,My first Rosa Parks,41,,,,,,
,,My first Marie Curie,41,,,,,,
